-- Auto-generated theme seed data

INSERT INTO theme (id, "order", title, title_ru, description, description_ru, unlock_theme_id, unlock_min_score) VALUES ('theme01', 1, 'Pronouns & 1st Group Verbs (-er)', 'Местоимения и глаголы 1-й группы (-er)', 'Learn personal pronouns and regular 1st group (-er) verbs in present tense', 'Личные местоимения и правильные глаголы 1-й группы на -er в настоящем времени', NULL, 60);
INSERT INTO theme (id, "order", title, title_ru, description, description_ru, unlock_theme_id, unlock_min_score) VALUES ('theme02', 2, 'Negative Form', 'Отрицательная форма', 'Learn to negate sentences with ne...pas', 'Отрицание с ne...pas', 'theme01', 60);
INSERT INTO theme (id, "order", title, title_ru, description, description_ru, unlock_theme_id, unlock_min_score) VALUES ('theme03', 3, 'Questions', 'Вопросительная форма', 'Learn to ask questions in French', 'Учимся задавать вопросы по-французски', 'theme02', 60);
INSERT INTO theme (id, "order", title, title_ru, description, description_ru, unlock_theme_id, unlock_min_score) VALUES ('theme04', 4, 'Etiquette Phrases', 'Фразы этикета', 'Essential polite expressions for everyday French', 'Основные вежливые выражения на каждый день', 'theme03', 60);
INSERT INTO theme (id, "order", title, title_ru, description, description_ru, unlock_theme_id, unlock_min_score) VALUES ('theme05', 5, 'Verb "avoir"', 'Глагол «avoir» (иметь)', 'Master the essential irregular verb "avoir"', 'Неправильный глагол «avoir» — один из самых важных', 'theme04', 60);
INSERT INTO theme (id, "order", title, title_ru, description, description_ru, unlock_theme_id, unlock_min_score) VALUES ('theme06', 6, 'Verb "être"', 'Глагол «être» (быть)', 'Master the essential irregular verb "être"', 'Неправильный глагол «être» — один из самых важных', 'theme05', 60);
INSERT INTO theme (id, "order", title, title_ru, description, description_ru, unlock_theme_id, unlock_min_score) VALUES ('theme07', 7, 'Past Tense (passé composé)', 'Прошедшее время (passé composé)', 'Learn the most common past tense', 'Самое употребительное прошедшее время', 'theme06', 60);
INSERT INTO theme (id, "order", title, title_ru, description, description_ru, unlock_theme_id, unlock_min_score) VALUES ('theme08', 8, 'Past Tense: Negative & Questions', 'Прошедшее время: отрицание и вопросы', 'Negative and question forms in past tense', 'Отрицательная и вопросительная формы прошедшего времени', 'theme07', 60);
INSERT INTO theme (id, "order", title, title_ru, description, description_ru, unlock_theme_id, unlock_min_score) VALUES ('theme09', 9, 'Irregular Verbs I', 'Неправильные глаголы I', 'Aller, faire, pouvoir, vouloir', 'Aller, faire, pouvoir, vouloir', 'theme08', 60);
INSERT INTO theme (id, "order", title, title_ru, description, description_ru, unlock_theme_id, unlock_min_score) VALUES ('theme10', 10, 'Future Tense', 'Будущее время', 'Express future actions', 'Выражение будущего времени', 'theme09', 60);
INSERT INTO theme (id, "order", title, title_ru, description, description_ru, unlock_theme_id, unlock_min_score) VALUES ('theme11', 11, 'Question Words', 'Вопросительные слова', 'Qui, que, où, quand, comment, pourquoi', 'Кто, что, где, когда, как, почему', 'theme10', 60);
INSERT INTO theme (id, "order", title, title_ru, description, description_ru, unlock_theme_id, unlock_min_score) VALUES ('theme12', 12, 'Talking About Yourself', 'Рассказ о себе', 'Hobbies, profession, interests', 'Хобби, профессия, интересы', 'theme11', 60);
INSERT INTO theme (id, "order", title, title_ru, description, description_ru, unlock_theme_id, unlock_min_score) VALUES ('theme13', 13, 'Masculine Nouns & Articles', 'Существительные м.р. и артикли', 'Masculine nouns, singular and plural', 'Существительные мужского рода, ед. и мн. число', 'theme12', 60);
INSERT INTO theme (id, "order", title, title_ru, description, description_ru, unlock_theme_id, unlock_min_score) VALUES ('theme14', 14, 'Adverbs', 'Наречия', 'Tout, rien, quelqu''un, toujours, jamais...', 'Всё, ничего, кто-то, всегда, никогда...', 'theme13', 60);
INSERT INTO theme (id, "order", title, title_ru, description, description_ru, unlock_theme_id, unlock_min_score) VALUES ('theme15', 15, 'Feminine Gender', 'Женский род', 'Feminine forms of nouns and adjectives', 'Женский род существительных и прилагательных', 'theme14', 60);
INSERT INTO theme (id, "order", title, title_ru, description, description_ru, unlock_theme_id, unlock_min_score) VALUES ('theme16', 16, 'Time Expressions', 'Выражения времени', 'Talking about time, dates, duration', 'Время, даты, длительность', 'theme15', 60);
INSERT INTO theme (id, "order", title, title_ru, description, description_ru, unlock_theme_id, unlock_min_score) VALUES ('theme17', 17, 'Pronoun Declension', 'Склонение местоимений', 'Object pronouns: me, te, le, la, lui...', 'Объектные местоимения', 'theme16', 60);
INSERT INTO theme (id, "order", title, title_ru, description, description_ru, unlock_theme_id, unlock_min_score) VALUES ('theme18', 18, 'Conjunctions', 'Союзы', 'Mais, ou, et, donc, car, pourtant...', 'Но, или, и, значит, так как, однако...', 'theme17', 60);
INSERT INTO theme (id, "order", title, title_ru, description, description_ru, unlock_theme_id, unlock_min_score) VALUES ('theme19', 19, 'Prepositions', 'Предлоги', 'À, de, en, dans, sur, sous, avec...', 'Основные предлоги места и направления', 'theme18', 60);
INSERT INTO theme (id, "order", title, title_ru, description, description_ru, unlock_theme_id, unlock_min_score) VALUES ('theme20', 20, 'Possessive Pronouns', 'Притяжательные местоимения', 'Mon, ton, son, notre, votre, leur', 'Мой, твой, его, наш, ваш, их', 'theme19', 60);
INSERT INTO theme (id, "order", title, title_ru, description, description_ru, unlock_theme_id, unlock_min_score) VALUES ('theme21', 21, 'Days, Months, Directions', 'Дни недели, месяцы, стороны света', 'Calendar vocabulary and cardinal directions', 'Календарь и стороны света', 'theme20', 60);
INSERT INTO theme (id, "order", title, title_ru, description, description_ru, unlock_theme_id, unlock_min_score) VALUES ('theme22', 22, 'Cardinal Numbers', 'Количественные числительные', 'Numbers from 0 to 1000+', 'Числа от 0 до 1000+', 'theme21', 60);
INSERT INTO theme (id, "order", title, title_ru, description, description_ru, unlock_theme_id, unlock_min_score) VALUES ('theme23', 23, 'Family & Home', 'Семья и дом', 'Family members and household vocabulary', 'Члены семьи и домашний быт', 'theme22', 60);
INSERT INTO theme (id, "order", title, title_ru, description, description_ru, unlock_theme_id, unlock_min_score) VALUES ('theme24', 24, 'Partitive Article', 'Частичный артикль', 'Du, de la, des — expressing quantities', 'Выражение количества', 'theme23', 60);
INSERT INTO theme (id, "order", title, title_ru, description, description_ru, unlock_theme_id, unlock_min_score) VALUES ('theme25', 25, 'At Restaurant & Shop', 'В ресторане и магазине', 'Ordering food, shopping phrases', 'Заказ еды, фразы для покупок', 'theme24', 60);
INSERT INTO theme (id, "order", title, title_ru, description, description_ru, unlock_theme_id, unlock_min_score) VALUES ('theme26', 26, 'Free Conversation', 'Свободная беседа', 'Practice speaking on chosen topics', 'Практика разговора на выбранные темы', 'theme25', 60);
INSERT INTO theme (id, "order", title, title_ru, description, description_ru, unlock_theme_id, unlock_min_score) VALUES ('theme27', 27, 'Ordinal Numbers', 'Порядковые числительные', 'Premier, deuxième, troisième...', 'Первый, второй, третий...', 'theme26', 60);
INSERT INTO theme (id, "order", title, title_ru, description, description_ru, unlock_theme_id, unlock_min_score) VALUES ('theme28', 28, 'Adjectives', 'Прилагательные', 'Agreement, position, common adjectives', 'Согласование, позиция, частые прилагательные', 'theme27', 60);
INSERT INTO theme (id, "order", title, title_ru, description, description_ru, unlock_theme_id, unlock_min_score) VALUES ('theme29', 29, 'Imperative Mood', 'Повелительное наклонение', 'Giving commands and instructions', 'Приказы и инструкции', 'theme28', 60);
INSERT INTO theme (id, "order", title, title_ru, description, description_ru, unlock_theme_id, unlock_min_score) VALUES ('theme30', 30, 'Comparatives & Superlatives', 'Степени сравнения', 'Plus...que, moins...que, le plus...', 'Больше чем, меньше чем, самый...', 'theme29', 60);
INSERT INTO theme (id, "order", title, title_ru, description, description_ru, unlock_theme_id, unlock_min_score) VALUES ('theme31', 31, 'Reflexive Verbs', 'Возвратные глаголы', 'Se lever, se coucher, s''appeler...', 'Подниматься, ложиться, зваться...', 'theme30', 60);

-- Theme-vocab associations
INSERT INTO theme_vocab (theme_id, vocab_id) VALUES ('theme01', 'fr_008') ON CONFLICT DO NOTHING;
INSERT INTO theme_vocab (theme_id, vocab_id) VALUES ('theme01', 'fr_016') ON CONFLICT DO NOTHING;
INSERT INTO theme_vocab (theme_id, vocab_id) VALUES ('theme01', 'fr_037') ON CONFLICT DO NOTHING;
INSERT INTO theme_vocab (theme_id, vocab_id) VALUES ('theme01', 'fr_044') ON CONFLICT DO NOTHING;
INSERT INTO theme_vocab (theme_id, vocab_id) VALUES ('theme01', 'fr_001') ON CONFLICT DO NOTHING;
INSERT INTO theme_vocab (theme_id, vocab_id) VALUES ('theme01', 'fr_003') ON CONFLICT DO NOTHING;
INSERT INTO theme_vocab (theme_id, vocab_id) VALUES ('theme01', 'fr_081') ON CONFLICT DO NOTHING;
INSERT INTO theme_vocab (theme_id, vocab_id) VALUES ('theme01', 'fr_082') ON CONFLICT DO NOTHING;
INSERT INTO theme_vocab (theme_id, vocab_id) VALUES ('theme01', 'fr_083') ON CONFLICT DO NOTHING;
INSERT INTO theme_vocab (theme_id, vocab_id) VALUES ('theme01', 'fr_084') ON CONFLICT DO NOTHING;
INSERT INTO theme_vocab (theme_id, vocab_id) VALUES ('theme01', 'fr_085') ON CONFLICT DO NOTHING;
INSERT INTO theme_vocab (theme_id, vocab_id) VALUES ('theme01', 'fr_086') ON CONFLICT DO NOTHING;
INSERT INTO theme_vocab (theme_id, vocab_id) VALUES ('theme01', 'fr_087') ON CONFLICT DO NOTHING;
INSERT INTO theme_vocab (theme_id, vocab_id) VALUES ('theme01', 'fr_088') ON CONFLICT DO NOTHING;
INSERT INTO theme_vocab (theme_id, vocab_id) VALUES ('theme01', 'fr_089') ON CONFLICT DO NOTHING;
INSERT INTO theme_vocab (theme_id, vocab_id) VALUES ('theme01', 'fr_090') ON CONFLICT DO NOTHING;
INSERT INTO theme_vocab (theme_id, vocab_id) VALUES ('theme01', 'fr_091') ON CONFLICT DO NOTHING;
INSERT INTO theme_vocab (theme_id, vocab_id) VALUES ('theme01', 'fr_092') ON CONFLICT DO NOTHING;
INSERT INTO theme_vocab (theme_id, vocab_id) VALUES ('theme01', 'fr_093') ON CONFLICT DO NOTHING;
INSERT INTO theme_vocab (theme_id, vocab_id) VALUES ('theme01', 'fr_094') ON CONFLICT DO NOTHING;
INSERT INTO theme_vocab (theme_id, vocab_id) VALUES ('theme01', 'fr_095') ON CONFLICT DO NOTHING;
INSERT INTO theme_vocab (theme_id, vocab_id) VALUES ('theme01', 'fr_096') ON CONFLICT DO NOTHING;
INSERT INTO theme_vocab (theme_id, vocab_id) VALUES ('theme01', 'fr_097') ON CONFLICT DO NOTHING;
INSERT INTO theme_vocab (theme_id, vocab_id) VALUES ('theme01', 'fr_098') ON CONFLICT DO NOTHING;
INSERT INTO theme_vocab (theme_id, vocab_id) VALUES ('theme01', 'fr_099') ON CONFLICT DO NOTHING;
INSERT INTO theme_vocab (theme_id, vocab_id) VALUES ('theme01', 'fr_100') ON CONFLICT DO NOTHING;
INSERT INTO theme_vocab (theme_id, vocab_id) VALUES ('theme01', 'fr_101') ON CONFLICT DO NOTHING;
INSERT INTO theme_vocab (theme_id, vocab_id) VALUES ('theme01', 'fr_102') ON CONFLICT DO NOTHING;
INSERT INTO theme_vocab (theme_id, vocab_id) VALUES ('theme01', 'fr_103') ON CONFLICT DO NOTHING;
INSERT INTO theme_vocab (theme_id, vocab_id) VALUES ('theme01', 'fr_104') ON CONFLICT DO NOTHING;
INSERT INTO theme_vocab (theme_id, vocab_id) VALUES ('theme01', 'fr_105') ON CONFLICT DO NOTHING;
INSERT INTO theme_vocab (theme_id, vocab_id) VALUES ('theme01', 'fr_106') ON CONFLICT DO NOTHING;
INSERT INTO theme_vocab (theme_id, vocab_id) VALUES ('theme01', 'fr_107') ON CONFLICT DO NOTHING;
INSERT INTO theme_vocab (theme_id, vocab_id) VALUES ('theme01', 'fr_108') ON CONFLICT DO NOTHING;
INSERT INTO theme_vocab (theme_id, vocab_id) VALUES ('theme01', 'fr_109') ON CONFLICT DO NOTHING;
INSERT INTO theme_vocab (theme_id, vocab_id) VALUES ('theme01', 'fr_110') ON CONFLICT DO NOTHING;
INSERT INTO theme_vocab (theme_id, vocab_id) VALUES ('theme01', 'fr_111') ON CONFLICT DO NOTHING;
INSERT INTO theme_vocab (theme_id, vocab_id) VALUES ('theme01', 'fr_112') ON CONFLICT DO NOTHING;
INSERT INTO theme_vocab (theme_id, vocab_id) VALUES ('theme01', 'fr_113') ON CONFLICT DO NOTHING;
INSERT INTO theme_vocab (theme_id, vocab_id) VALUES ('theme01', 'fr_114') ON CONFLICT DO NOTHING;
INSERT INTO theme_vocab (theme_id, vocab_id) VALUES ('theme01', 'fr_115') ON CONFLICT DO NOTHING;
INSERT INTO theme_vocab (theme_id, vocab_id) VALUES ('theme01', 'fr_116') ON CONFLICT DO NOTHING;
INSERT INTO theme_vocab (theme_id, vocab_id) VALUES ('theme01', 'fr_117') ON CONFLICT DO NOTHING;
INSERT INTO theme_vocab (theme_id, vocab_id) VALUES ('theme01', 'fr_118') ON CONFLICT DO NOTHING;
INSERT INTO theme_vocab (theme_id, vocab_id) VALUES ('theme01', 'fr_119') ON CONFLICT DO NOTHING;
INSERT INTO theme_vocab (theme_id, vocab_id) VALUES ('theme01', 'fr_120') ON CONFLICT DO NOTHING;
INSERT INTO theme_vocab (theme_id, vocab_id) VALUES ('theme01', 'fr_121') ON CONFLICT DO NOTHING;
INSERT INTO theme_vocab (theme_id, vocab_id) VALUES ('theme01', 'fr_122') ON CONFLICT DO NOTHING;
INSERT INTO theme_vocab (theme_id, vocab_id) VALUES ('theme01', 'fr_123') ON CONFLICT DO NOTHING;
INSERT INTO theme_vocab (theme_id, vocab_id) VALUES ('theme01', 'fr_124') ON CONFLICT DO NOTHING;
INSERT INTO theme_vocab (theme_id, vocab_id) VALUES ('theme01', 'fr_125') ON CONFLICT DO NOTHING;
INSERT INTO theme_vocab (theme_id, vocab_id) VALUES ('theme01', 'fr_126') ON CONFLICT DO NOTHING;
INSERT INTO theme_vocab (theme_id, vocab_id) VALUES ('theme01', 'fr_127') ON CONFLICT DO NOTHING;
INSERT INTO theme_vocab (theme_id, vocab_id) VALUES ('theme01', 'fr_128') ON CONFLICT DO NOTHING;
INSERT INTO theme_vocab (theme_id, vocab_id) VALUES ('theme01', 'fr_129') ON CONFLICT DO NOTHING;
INSERT INTO theme_vocab (theme_id, vocab_id) VALUES ('theme01', 'fr_130') ON CONFLICT DO NOTHING;
INSERT INTO theme_vocab (theme_id, vocab_id) VALUES ('theme01', 'fr_131') ON CONFLICT DO NOTHING;
INSERT INTO theme_vocab (theme_id, vocab_id) VALUES ('theme01', 'fr_132') ON CONFLICT DO NOTHING;
INSERT INTO theme_vocab (theme_id, vocab_id) VALUES ('theme01', 'fr_133') ON CONFLICT DO NOTHING;
INSERT INTO theme_vocab (theme_id, vocab_id) VALUES ('theme01', 'fr_134') ON CONFLICT DO NOTHING;
INSERT INTO theme_vocab (theme_id, vocab_id) VALUES ('theme01', 'fr_135') ON CONFLICT DO NOTHING;
INSERT INTO theme_vocab (theme_id, vocab_id) VALUES ('theme01', 'fr_136') ON CONFLICT DO NOTHING;
INSERT INTO theme_vocab (theme_id, vocab_id) VALUES ('theme01', 'fr_137') ON CONFLICT DO NOTHING;
INSERT INTO theme_vocab (theme_id, vocab_id) VALUES ('theme01', 'fr_138') ON CONFLICT DO NOTHING;
INSERT INTO theme_vocab (theme_id, vocab_id) VALUES ('theme01', 'fr_139') ON CONFLICT DO NOTHING;
INSERT INTO theme_vocab (theme_id, vocab_id) VALUES ('theme01', 'fr_140') ON CONFLICT DO NOTHING;
INSERT INTO theme_vocab (theme_id, vocab_id) VALUES ('theme01', 'fr_141') ON CONFLICT DO NOTHING;
INSERT INTO theme_vocab (theme_id, vocab_id) VALUES ('theme01', 'fr_142') ON CONFLICT DO NOTHING;
INSERT INTO theme_vocab (theme_id, vocab_id) VALUES ('theme01', 'fr_143') ON CONFLICT DO NOTHING;
INSERT INTO theme_vocab (theme_id, vocab_id) VALUES ('theme01', 'fr_144') ON CONFLICT DO NOTHING;
INSERT INTO theme_vocab (theme_id, vocab_id) VALUES ('theme01', 'fr_145') ON CONFLICT DO NOTHING;
INSERT INTO theme_vocab (theme_id, vocab_id) VALUES ('theme01', 'fr_146') ON CONFLICT DO NOTHING;
INSERT INTO theme_vocab (theme_id, vocab_id) VALUES ('theme01', 'fr_147') ON CONFLICT DO NOTHING;
INSERT INTO theme_vocab (theme_id, vocab_id) VALUES ('theme01', 'fr_148') ON CONFLICT DO NOTHING;
INSERT INTO theme_vocab (theme_id, vocab_id) VALUES ('theme01', 'fr_149') ON CONFLICT DO NOTHING;
INSERT INTO theme_vocab (theme_id, vocab_id) VALUES ('theme01', 'fr_150') ON CONFLICT DO NOTHING;
INSERT INTO theme_vocab (theme_id, vocab_id) VALUES ('theme01', 'fr_151') ON CONFLICT DO NOTHING;
INSERT INTO theme_vocab (theme_id, vocab_id) VALUES ('theme01', 'fr_152') ON CONFLICT DO NOTHING;
INSERT INTO theme_vocab (theme_id, vocab_id) VALUES ('theme01', 'fr_153') ON CONFLICT DO NOTHING;
INSERT INTO theme_vocab (theme_id, vocab_id) VALUES ('theme01', 'fr_154') ON CONFLICT DO NOTHING;
INSERT INTO theme_vocab (theme_id, vocab_id) VALUES ('theme01', 'fr_155') ON CONFLICT DO NOTHING;
INSERT INTO theme_vocab (theme_id, vocab_id) VALUES ('theme01', 'fr_156') ON CONFLICT DO NOTHING;
INSERT INTO theme_vocab (theme_id, vocab_id) VALUES ('theme01', 'fr_157') ON CONFLICT DO NOTHING;
INSERT INTO theme_vocab (theme_id, vocab_id) VALUES ('theme01', 'fr_158') ON CONFLICT DO NOTHING;
INSERT INTO theme_vocab (theme_id, vocab_id) VALUES ('theme01', 'fr_159') ON CONFLICT DO NOTHING;
INSERT INTO theme_vocab (theme_id, vocab_id) VALUES ('theme01', 'fr_160') ON CONFLICT DO NOTHING;
INSERT INTO theme_vocab (theme_id, vocab_id) VALUES ('theme01', 'fr_161') ON CONFLICT DO NOTHING;
INSERT INTO theme_vocab (theme_id, vocab_id) VALUES ('theme01', 'fr_162') ON CONFLICT DO NOTHING;
INSERT INTO theme_vocab (theme_id, vocab_id) VALUES ('theme01', 'fr_163') ON CONFLICT DO NOTHING;
INSERT INTO theme_vocab (theme_id, vocab_id) VALUES ('theme01', 'fr_164') ON CONFLICT DO NOTHING;
INSERT INTO theme_vocab (theme_id, vocab_id) VALUES ('theme01', 'fr_165') ON CONFLICT DO NOTHING;
INSERT INTO theme_vocab (theme_id, vocab_id) VALUES ('theme01', 'fr_166') ON CONFLICT DO NOTHING;
INSERT INTO theme_vocab (theme_id, vocab_id) VALUES ('theme01', 'fr_167') ON CONFLICT DO NOTHING;
INSERT INTO theme_vocab (theme_id, vocab_id) VALUES ('theme01', 'fr_168') ON CONFLICT DO NOTHING;
INSERT INTO theme_vocab (theme_id, vocab_id) VALUES ('theme01', 'fr_169') ON CONFLICT DO NOTHING;
INSERT INTO theme_vocab (theme_id, vocab_id) VALUES ('theme01', 'fr_170') ON CONFLICT DO NOTHING;
INSERT INTO theme_vocab (theme_id, vocab_id) VALUES ('theme01', 'fr_171') ON CONFLICT DO NOTHING;
INSERT INTO theme_vocab (theme_id, vocab_id) VALUES ('theme01', 'fr_172') ON CONFLICT DO NOTHING;
INSERT INTO theme_vocab (theme_id, vocab_id) VALUES ('theme01', 'fr_173') ON CONFLICT DO NOTHING;
INSERT INTO theme_vocab (theme_id, vocab_id) VALUES ('theme01', 'fr_174') ON CONFLICT DO NOTHING;
INSERT INTO theme_vocab (theme_id, vocab_id) VALUES ('theme01', 'fr_175') ON CONFLICT DO NOTHING;
INSERT INTO theme_vocab (theme_id, vocab_id) VALUES ('theme01', 'fr_176') ON CONFLICT DO NOTHING;
INSERT INTO theme_vocab (theme_id, vocab_id) VALUES ('theme01', 'fr_177') ON CONFLICT DO NOTHING;
INSERT INTO theme_vocab (theme_id, vocab_id) VALUES ('theme01', 'fr_178') ON CONFLICT DO NOTHING;
INSERT INTO theme_vocab (theme_id, vocab_id) VALUES ('theme01', 'fr_179') ON CONFLICT DO NOTHING;
INSERT INTO theme_vocab (theme_id, vocab_id) VALUES ('theme01', 'fr_180') ON CONFLICT DO NOTHING;
INSERT INTO theme_vocab (theme_id, vocab_id) VALUES ('theme01', 'fr_181') ON CONFLICT DO NOTHING;
INSERT INTO theme_vocab (theme_id, vocab_id) VALUES ('theme01', 'fr_182') ON CONFLICT DO NOTHING;
INSERT INTO theme_vocab (theme_id, vocab_id) VALUES ('theme01', 'fr_183') ON CONFLICT DO NOTHING;
INSERT INTO theme_vocab (theme_id, vocab_id) VALUES ('theme01', 'fr_184') ON CONFLICT DO NOTHING;
INSERT INTO theme_vocab (theme_id, vocab_id) VALUES ('theme01', 'fr_185') ON CONFLICT DO NOTHING;
INSERT INTO theme_vocab (theme_id, vocab_id) VALUES ('theme01', 'fr_186') ON CONFLICT DO NOTHING;
INSERT INTO theme_vocab (theme_id, vocab_id) VALUES ('theme01', 'fr_187') ON CONFLICT DO NOTHING;
INSERT INTO theme_vocab (theme_id, vocab_id) VALUES ('theme01', 'fr_188') ON CONFLICT DO NOTHING;
INSERT INTO theme_vocab (theme_id, vocab_id) VALUES ('theme01', 'fr_189') ON CONFLICT DO NOTHING;
INSERT INTO theme_vocab (theme_id, vocab_id) VALUES ('theme01', 'fr_190') ON CONFLICT DO NOTHING;
INSERT INTO theme_vocab (theme_id, vocab_id) VALUES ('theme01', 'fr_191') ON CONFLICT DO NOTHING;
INSERT INTO theme_vocab (theme_id, vocab_id) VALUES ('theme01', 'fr_192') ON CONFLICT DO NOTHING;
INSERT INTO theme_vocab (theme_id, vocab_id) VALUES ('theme01', 'fr_193') ON CONFLICT DO NOTHING;
INSERT INTO theme_vocab (theme_id, vocab_id) VALUES ('theme01', 'fr_194') ON CONFLICT DO NOTHING;
INSERT INTO theme_vocab (theme_id, vocab_id) VALUES ('theme01', 'fr_195') ON CONFLICT DO NOTHING;
INSERT INTO theme_vocab (theme_id, vocab_id) VALUES ('theme01', 'fr_196') ON CONFLICT DO NOTHING;
INSERT INTO theme_vocab (theme_id, vocab_id) VALUES ('theme01', 'fr_197') ON CONFLICT DO NOTHING;
INSERT INTO theme_vocab (theme_id, vocab_id) VALUES ('theme01', 'fr_198') ON CONFLICT DO NOTHING;
INSERT INTO theme_vocab (theme_id, vocab_id) VALUES ('theme01', 'fr_199') ON CONFLICT DO NOTHING;
INSERT INTO theme_vocab (theme_id, vocab_id) VALUES ('theme01', 'fr_200') ON CONFLICT DO NOTHING;
INSERT INTO theme_vocab (theme_id, vocab_id) VALUES ('theme01', 'fr_201') ON CONFLICT DO NOTHING;
INSERT INTO theme_vocab (theme_id, vocab_id) VALUES ('theme01', 'fr_202') ON CONFLICT DO NOTHING;
INSERT INTO theme_vocab (theme_id, vocab_id) VALUES ('theme01', 'fr_203') ON CONFLICT DO NOTHING;
INSERT INTO theme_vocab (theme_id, vocab_id) VALUES ('theme01', 'fr_204') ON CONFLICT DO NOTHING;
INSERT INTO theme_vocab (theme_id, vocab_id) VALUES ('theme01', 'fr_205') ON CONFLICT DO NOTHING;
INSERT INTO theme_vocab (theme_id, vocab_id) VALUES ('theme01', 'fr_206') ON CONFLICT DO NOTHING;
INSERT INTO theme_vocab (theme_id, vocab_id) VALUES ('theme01', 'fr_207') ON CONFLICT DO NOTHING;
INSERT INTO theme_vocab (theme_id, vocab_id) VALUES ('theme01', 'fr_208') ON CONFLICT DO NOTHING;
INSERT INTO theme_vocab (theme_id, vocab_id) VALUES ('theme01', 'fr_209') ON CONFLICT DO NOTHING;
INSERT INTO theme_vocab (theme_id, vocab_id) VALUES ('theme01', 'fr_210') ON CONFLICT DO NOTHING;
INSERT INTO theme_vocab (theme_id, vocab_id) VALUES ('theme01', 'fr_211') ON CONFLICT DO NOTHING;
INSERT INTO theme_vocab (theme_id, vocab_id) VALUES ('theme01', 'fr_212') ON CONFLICT DO NOTHING;
INSERT INTO theme_vocab (theme_id, vocab_id) VALUES ('theme01', 'fr_213') ON CONFLICT DO NOTHING;
INSERT INTO theme_vocab (theme_id, vocab_id) VALUES ('theme01', 'fr_214') ON CONFLICT DO NOTHING;
INSERT INTO theme_vocab (theme_id, vocab_id) VALUES ('theme01', 'fr_215') ON CONFLICT DO NOTHING;
INSERT INTO theme_vocab (theme_id, vocab_id) VALUES ('theme01', 'fr_216') ON CONFLICT DO NOTHING;
INSERT INTO theme_vocab (theme_id, vocab_id) VALUES ('theme01', 'fr_217') ON CONFLICT DO NOTHING;
INSERT INTO theme_vocab (theme_id, vocab_id) VALUES ('theme01', 'fr_218') ON CONFLICT DO NOTHING;
INSERT INTO theme_vocab (theme_id, vocab_id) VALUES ('theme01', 'fr_219') ON CONFLICT DO NOTHING;
INSERT INTO theme_vocab (theme_id, vocab_id) VALUES ('theme01', 'fr_220') ON CONFLICT DO NOTHING;
INSERT INTO theme_vocab (theme_id, vocab_id) VALUES ('theme01', 'fr_221') ON CONFLICT DO NOTHING;
INSERT INTO theme_vocab (theme_id, vocab_id) VALUES ('theme01', 'fr_222') ON CONFLICT DO NOTHING;
INSERT INTO theme_vocab (theme_id, vocab_id) VALUES ('theme01', 'fr_223') ON CONFLICT DO NOTHING;
INSERT INTO theme_vocab (theme_id, vocab_id) VALUES ('theme01', 'fr_224') ON CONFLICT DO NOTHING;
INSERT INTO theme_vocab (theme_id, vocab_id) VALUES ('theme01', 'fr_225') ON CONFLICT DO NOTHING;
INSERT INTO theme_vocab (theme_id, vocab_id) VALUES ('theme01', 'fr_226') ON CONFLICT DO NOTHING;
INSERT INTO theme_vocab (theme_id, vocab_id) VALUES ('theme01', 'fr_227') ON CONFLICT DO NOTHING;
INSERT INTO theme_vocab (theme_id, vocab_id) VALUES ('theme01', 'fr_228') ON CONFLICT DO NOTHING;
INSERT INTO theme_vocab (theme_id, vocab_id) VALUES ('theme01', 'fr_229') ON CONFLICT DO NOTHING;
INSERT INTO theme_vocab (theme_id, vocab_id) VALUES ('theme01', 'fr_230') ON CONFLICT DO NOTHING;
INSERT INTO theme_vocab (theme_id, vocab_id) VALUES ('theme01', 'fr_231') ON CONFLICT DO NOTHING;
INSERT INTO theme_vocab (theme_id, vocab_id) VALUES ('theme01', 'fr_232') ON CONFLICT DO NOTHING;
INSERT INTO theme_vocab (theme_id, vocab_id) VALUES ('theme01', 'fr_233') ON CONFLICT DO NOTHING;
INSERT INTO theme_vocab (theme_id, vocab_id) VALUES ('theme01', 'fr_234') ON CONFLICT DO NOTHING;
INSERT INTO theme_vocab (theme_id, vocab_id) VALUES ('theme01', 'fr_235') ON CONFLICT DO NOTHING;
INSERT INTO theme_vocab (theme_id, vocab_id) VALUES ('theme01', 'fr_236') ON CONFLICT DO NOTHING;
INSERT INTO theme_vocab (theme_id, vocab_id) VALUES ('theme01', 'fr_237') ON CONFLICT DO NOTHING;
INSERT INTO theme_vocab (theme_id, vocab_id) VALUES ('theme01', 'fr_238') ON CONFLICT DO NOTHING;
INSERT INTO theme_vocab (theme_id, vocab_id) VALUES ('theme01', 'fr_239') ON CONFLICT DO NOTHING;
INSERT INTO theme_vocab (theme_id, vocab_id) VALUES ('theme01', 'fr_240') ON CONFLICT DO NOTHING;
INSERT INTO theme_vocab (theme_id, vocab_id) VALUES ('theme01', 'fr_241') ON CONFLICT DO NOTHING;
INSERT INTO theme_vocab (theme_id, vocab_id) VALUES ('theme01', 'fr_242') ON CONFLICT DO NOTHING;
INSERT INTO theme_vocab (theme_id, vocab_id) VALUES ('theme01', 'fr_243') ON CONFLICT DO NOTHING;
INSERT INTO theme_vocab (theme_id, vocab_id) VALUES ('theme01', 'fr_244') ON CONFLICT DO NOTHING;
INSERT INTO theme_vocab (theme_id, vocab_id) VALUES ('theme01', 'fr_245') ON CONFLICT DO NOTHING;
INSERT INTO theme_vocab (theme_id, vocab_id) VALUES ('theme01', 'fr_246') ON CONFLICT DO NOTHING;
INSERT INTO theme_vocab (theme_id, vocab_id) VALUES ('theme01', 'fr_247') ON CONFLICT DO NOTHING;
INSERT INTO theme_vocab (theme_id, vocab_id) VALUES ('theme01', 'fr_248') ON CONFLICT DO NOTHING;
INSERT INTO theme_vocab (theme_id, vocab_id) VALUES ('theme01', 'fr_249') ON CONFLICT DO NOTHING;
INSERT INTO theme_vocab (theme_id, vocab_id) VALUES ('theme01', 'fr_250') ON CONFLICT DO NOTHING;
INSERT INTO theme_vocab (theme_id, vocab_id) VALUES ('theme01', 'fr_251') ON CONFLICT DO NOTHING;
INSERT INTO theme_vocab (theme_id, vocab_id) VALUES ('theme01', 'fr_252') ON CONFLICT DO NOTHING;
INSERT INTO theme_vocab (theme_id, vocab_id) VALUES ('theme01', 'fr_253') ON CONFLICT DO NOTHING;
INSERT INTO theme_vocab (theme_id, vocab_id) VALUES ('theme01', 'fr_254') ON CONFLICT DO NOTHING;
INSERT INTO theme_vocab (theme_id, vocab_id) VALUES ('theme01', 'fr_255') ON CONFLICT DO NOTHING;
INSERT INTO theme_vocab (theme_id, vocab_id) VALUES ('theme01', 'fr_256') ON CONFLICT DO NOTHING;
INSERT INTO theme_vocab (theme_id, vocab_id) VALUES ('theme01', 'fr_257') ON CONFLICT DO NOTHING;
INSERT INTO theme_vocab (theme_id, vocab_id) VALUES ('theme01', 'fr_258') ON CONFLICT DO NOTHING;
INSERT INTO theme_vocab (theme_id, vocab_id) VALUES ('theme01', 'fr_259') ON CONFLICT DO NOTHING;
INSERT INTO theme_vocab (theme_id, vocab_id) VALUES ('theme01', 'fr_260') ON CONFLICT DO NOTHING;
INSERT INTO theme_vocab (theme_id, vocab_id) VALUES ('theme01', 'fr_261') ON CONFLICT DO NOTHING;
INSERT INTO theme_vocab (theme_id, vocab_id) VALUES ('theme01', 'fr_262') ON CONFLICT DO NOTHING;
INSERT INTO theme_vocab (theme_id, vocab_id) VALUES ('theme01', 'fr_263') ON CONFLICT DO NOTHING;
INSERT INTO theme_vocab (theme_id, vocab_id) VALUES ('theme01', 'fr_264') ON CONFLICT DO NOTHING;
INSERT INTO theme_vocab (theme_id, vocab_id) VALUES ('theme01', 'fr_265') ON CONFLICT DO NOTHING;
INSERT INTO theme_vocab (theme_id, vocab_id) VALUES ('theme01', 'fr_266') ON CONFLICT DO NOTHING;
INSERT INTO theme_vocab (theme_id, vocab_id) VALUES ('theme01', 'fr_267') ON CONFLICT DO NOTHING;
INSERT INTO theme_vocab (theme_id, vocab_id) VALUES ('theme01', 'fr_268') ON CONFLICT DO NOTHING;
INSERT INTO theme_vocab (theme_id, vocab_id) VALUES ('theme01', 'fr_269') ON CONFLICT DO NOTHING;
INSERT INTO theme_vocab (theme_id, vocab_id) VALUES ('theme01', 'fr_270') ON CONFLICT DO NOTHING;
INSERT INTO theme_vocab (theme_id, vocab_id) VALUES ('theme01', 'fr_271') ON CONFLICT DO NOTHING;
INSERT INTO theme_vocab (theme_id, vocab_id) VALUES ('theme01', 'fr_272') ON CONFLICT DO NOTHING;
INSERT INTO theme_vocab (theme_id, vocab_id) VALUES ('theme01', 'fr_273') ON CONFLICT DO NOTHING;
INSERT INTO theme_vocab (theme_id, vocab_id) VALUES ('theme01', 'fr_274') ON CONFLICT DO NOTHING;
INSERT INTO theme_vocab (theme_id, vocab_id) VALUES ('theme01', 'fr_275') ON CONFLICT DO NOTHING;
INSERT INTO theme_vocab (theme_id, vocab_id) VALUES ('theme01', 'fr_276') ON CONFLICT DO NOTHING;
INSERT INTO theme_vocab (theme_id, vocab_id) VALUES ('theme01', 'fr_277') ON CONFLICT DO NOTHING;
INSERT INTO theme_vocab (theme_id, vocab_id) VALUES ('theme01', 'fr_278') ON CONFLICT DO NOTHING;
INSERT INTO theme_vocab (theme_id, vocab_id) VALUES ('theme01', 'fr_279') ON CONFLICT DO NOTHING;
INSERT INTO theme_vocab (theme_id, vocab_id) VALUES ('theme01', 'fr_280') ON CONFLICT DO NOTHING;
INSERT INTO theme_vocab (theme_id, vocab_id) VALUES ('theme01', 'fr_281') ON CONFLICT DO NOTHING;
INSERT INTO theme_vocab (theme_id, vocab_id) VALUES ('theme01', 'fr_282') ON CONFLICT DO NOTHING;
INSERT INTO theme_vocab (theme_id, vocab_id) VALUES ('theme01', 'fr_283') ON CONFLICT DO NOTHING;
INSERT INTO theme_vocab (theme_id, vocab_id) VALUES ('theme01', 'fr_284') ON CONFLICT DO NOTHING;
INSERT INTO theme_vocab (theme_id, vocab_id) VALUES ('theme01', 'fr_285') ON CONFLICT DO NOTHING;
INSERT INTO theme_vocab (theme_id, vocab_id) VALUES ('theme01', 'fr_286') ON CONFLICT DO NOTHING;
INSERT INTO theme_vocab (theme_id, vocab_id) VALUES ('theme01', 'fr_287') ON CONFLICT DO NOTHING;
INSERT INTO theme_vocab (theme_id, vocab_id) VALUES ('theme01', 'fr_288') ON CONFLICT DO NOTHING;
INSERT INTO theme_vocab (theme_id, vocab_id) VALUES ('theme01', 'fr_289') ON CONFLICT DO NOTHING;
INSERT INTO theme_vocab (theme_id, vocab_id) VALUES ('theme01', 'fr_290') ON CONFLICT DO NOTHING;
INSERT INTO theme_vocab (theme_id, vocab_id) VALUES ('theme01', 'fr_291') ON CONFLICT DO NOTHING;
INSERT INTO theme_vocab (theme_id, vocab_id) VALUES ('theme01', 'fr_292') ON CONFLICT DO NOTHING;
INSERT INTO theme_vocab (theme_id, vocab_id) VALUES ('theme01', 'fr_293') ON CONFLICT DO NOTHING;
INSERT INTO theme_vocab (theme_id, vocab_id) VALUES ('theme01', 'fr_294') ON CONFLICT DO NOTHING;
INSERT INTO theme_vocab (theme_id, vocab_id) VALUES ('theme01', 'fr_295') ON CONFLICT DO NOTHING;
INSERT INTO theme_vocab (theme_id, vocab_id) VALUES ('theme01', 'fr_296') ON CONFLICT DO NOTHING;
INSERT INTO theme_vocab (theme_id, vocab_id) VALUES ('theme01', 'fr_297') ON CONFLICT DO NOTHING;
INSERT INTO theme_vocab (theme_id, vocab_id) VALUES ('theme01', 'fr_298') ON CONFLICT DO NOTHING;
INSERT INTO theme_vocab (theme_id, vocab_id) VALUES ('theme01', 'fr_299') ON CONFLICT DO NOTHING;
INSERT INTO theme_vocab (theme_id, vocab_id) VALUES ('theme01', 'fr_300') ON CONFLICT DO NOTHING;
INSERT INTO theme_vocab (theme_id, vocab_id) VALUES ('theme01', 'fr_301') ON CONFLICT DO NOTHING;
INSERT INTO theme_vocab (theme_id, vocab_id) VALUES ('theme01', 'fr_302') ON CONFLICT DO NOTHING;
INSERT INTO theme_vocab (theme_id, vocab_id) VALUES ('theme01', 'fr_303') ON CONFLICT DO NOTHING;
INSERT INTO theme_vocab (theme_id, vocab_id) VALUES ('theme01', 'fr_304') ON CONFLICT DO NOTHING;
INSERT INTO theme_vocab (theme_id, vocab_id) VALUES ('theme01', 'fr_305') ON CONFLICT DO NOTHING;
INSERT INTO theme_vocab (theme_id, vocab_id) VALUES ('theme02', 'fr_004') ON CONFLICT DO NOTHING;
INSERT INTO theme_vocab (theme_id, vocab_id) VALUES ('theme02', 'fr_008') ON CONFLICT DO NOTHING;
INSERT INTO theme_vocab (theme_id, vocab_id) VALUES ('theme02', 'fr_016') ON CONFLICT DO NOTHING;
INSERT INTO theme_vocab (theme_id, vocab_id) VALUES ('theme03', 'fr_042') ON CONFLICT DO NOTHING;
INSERT INTO theme_vocab (theme_id, vocab_id) VALUES ('theme03', 'fr_043') ON CONFLICT DO NOTHING;
INSERT INTO theme_vocab (theme_id, vocab_id) VALUES ('theme04', 'fr_001') ON CONFLICT DO NOTHING;
INSERT INTO theme_vocab (theme_id, vocab_id) VALUES ('theme04', 'fr_002') ON CONFLICT DO NOTHING;
INSERT INTO theme_vocab (theme_id, vocab_id) VALUES ('theme05', 'fr_001') ON CONFLICT DO NOTHING;
INSERT INTO theme_vocab (theme_id, vocab_id) VALUES ('theme05', 'fr_008') ON CONFLICT DO NOTHING;
INSERT INTO theme_vocab (theme_id, vocab_id) VALUES ('theme06', 'fr_001') ON CONFLICT DO NOTHING;
INSERT INTO theme_vocab (theme_id, vocab_id) VALUES ('theme06', 'fr_008') ON CONFLICT DO NOTHING;

-- Theme sections (grammar, exercises as JSONB)
INSERT INTO theme_section (theme_id, type, sort_order, content) VALUES ('theme01', 'grammar', 0, '{"type":"grammar","notes":[{"title":"Личные местоимения","text":"Во французском языке 8 личных местоимений. В отличие от русского, местоимение обязательно используется с глаголом.","examples":[{"fr":"Je","ru":"Я"},{"fr":"Tu","ru":"Ты"},{"fr":"Il / Elle","ru":"Он / Она"},{"fr":"Nous","ru":"Мы"},{"fr":"Vous","ru":"Вы"},{"fr":"Ils / Elles","ru":"Они (м.) / Они (ж.)"}]},{"title":"Три группы французских глаголов","text":"Все французские глаголы делятся на три группы:\n\n• 1-я группа (-er): самая большая и регулярная. Около 90% всех глаголов! Например: parler, manger, aimer, travailler.\n\n• 2-я группа (-ir с -issons): правильные глаголы на -ir. Например: finir → nous finissons, choisir → nous choisissons.\n\n• 3-я группа: все остальные — неправильные глаголы. Например: être, avoir, aller, faire, prendre.\n\nВ этом уроке мы изучаем глаголы 1-й группы — самые простые и частотные.","examples":[{"fr":"parler, manger, aimer, donner","ru":"1-я группа (-er)"},{"fr":"finir, choisir, agir","ru":"2-я группа (-ir)"},{"fr":"être, avoir, aller, faire","ru":"3-я группа (неправильные)"}]},{"title":"Спряжение глаголов 1-й группы (-er)","text":"Чтобы спрягать глаголы 1-й группы, убираем окончание -er от инфинитива — получаем основу (le radical). Затем добавляем окончания: -e, -es, -e, -ons, -ez, -ent. Основа не меняется!","examples":[{"fr":"Je mange","ru":"Я ем"},{"fr":"Tu manges","ru":"Ты ешь"},{"fr":"Il mange","ru":"Он ест"},{"fr":"Nous mangeons","ru":"Мы едим"},{"fr":"Vous mangez","ru":"Вы едите"},{"fr":"Ils mangent","ru":"Они едят"}]}],"tables":[]}');
INSERT INTO theme_section (theme_id, type, sort_order, content) VALUES ('theme02', 'grammar', 0, '{"type":"grammar","notes":[{"title":"Отрицание ne...pas","text":"Чтобы сделать предложение отрицательным, нужно поставить «ne» перед глаголом и «pas» после него. В разговорной речи «ne» часто опускается.","examples":[{"fr":"Je ne mange pas","ru":"Я не ем"},{"fr":"Tu ne parles pas","ru":"Ты не говоришь"},{"fr":"Il ne mange pas","ru":"Он не ест"},{"fr":"Nous ne parlons pas","ru":"Мы не говорим"},{"fr":"Je ne comprends pas","ru":"Я не понимаю"}]},{"title":"Перед гласной: n''","text":"Когда глагол начинается с гласной, «ne» сокращается до «n''».","examples":[{"fr":"Il n''aime pas","ru":"Он не любит"},{"fr":"Je n''écoute pas","ru":"Я не слушаю"}]}],"tables":[]}');
INSERT INTO theme_section (theme_id, type, sort_order, content) VALUES ('theme03', 'grammar', 0, '{"type":"grammar","notes":[{"title":"Вопрос интонацией","text":"Самый простой способ задать вопрос — повысить интонацию в конце предложения. Структура остаётся такой же, как в утверждении.","examples":[{"fr":"Tu parles français?","ru":"Ты говоришь по-французски?"},{"fr":"Il mange?","ru":"Он ест?"},{"fr":"Vous comprenez?","ru":"Вы понимаете?"}]},{"title":"Est-ce que","text":"Более формальный способ — добавить «est-ce que» в начало предложения.","examples":[{"fr":"Est-ce que tu parles français?","ru":"Ты говоришь по-французски?"},{"fr":"Est-ce que vous mangez?","ru":"Вы едите?"}]}],"tables":[]}');
INSERT INTO theme_section (theme_id, type, sort_order, content) VALUES ('theme04', 'grammar', 0, '{"type":"grammar","notes":[{"title":"Приветствия и прощания","text":"Французы придают большое значение вежливости. Всегда здоровайтесь и прощайтесь!","examples":[{"fr":"Bonjour","ru":"Здравствуйте / Добрый день"},{"fr":"Bonsoir","ru":"Добрый вечер"},{"fr":"Au revoir","ru":"До свидания"},{"fr":"Salut","ru":"Привет / Пока (неформ.)"},{"fr":"Bonne nuit","ru":"Спокойной ночи"}]},{"title":"Вежливые выражения","text":"Эти фразы используются постоянно в повседневном общении.","examples":[{"fr":"Merci / Merci beaucoup","ru":"Спасибо / Большое спасибо"},{"fr":"S''il vous plaît","ru":"Пожалуйста (просьба, формальн.)"},{"fr":"S''il te plaît","ru":"Пожалуйста (просьба, неформальн.)"},{"fr":"De rien","ru":"Не за что"},{"fr":"Excusez-moi","ru":"Извините"},{"fr":"Pardon","ru":"Простите"}]},{"title":"Как дела?","text":"Стандартные фразы для начала разговора.","examples":[{"fr":"Comment allez-vous?","ru":"Как вы поживаете? (формальн.)"},{"fr":"Ça va?","ru":"Как дела? (неформальн.)"},{"fr":"Ça va bien, merci","ru":"Хорошо, спасибо"},{"fr":"Et vous?","ru":"А вы?"}]}],"tables":[]}');
INSERT INTO theme_section (theme_id, type, sort_order, content) VALUES ('theme05', 'grammar', 0, '{"type":"grammar","notes":[{"title":"Глагол avoir — иметь","text":"Avoir — один из двух самых важных глаголов французского языка. Он неправильный и используется как вспомогательный для образования прошедшего времени.","examples":[{"fr":"J''ai","ru":"Я имею"},{"fr":"Tu as","ru":"Ты имеешь"},{"fr":"Il/Elle a","ru":"Он/Она имеет"},{"fr":"Nous avons","ru":"Мы имеем"},{"fr":"Vous avez","ru":"Вы имеете"},{"fr":"Ils/Elles ont","ru":"Они имеют"}]},{"title":"Выражения с avoir","text":"Многие выражения, которые в русском используют «быть», во французском используют «avoir».","examples":[{"fr":"J''ai faim","ru":"Я голоден (букв. «Я имею голод»)"},{"fr":"J''ai soif","ru":"Я хочу пить"},{"fr":"J''ai froid","ru":"Мне холодно"},{"fr":"J''ai chaud","ru":"Мне жарко"},{"fr":"J''ai peur","ru":"Мне страшно"},{"fr":"J''ai 20 ans","ru":"Мне 20 лет"}]}],"tables":[{"verb":"avoir","translation":"иметь","rows":[{"pronoun":"j''","form":"ai","ipa":"/ɛ/"},{"pronoun":"tu","form":"as","ipa":"/a/"},{"pronoun":"il/elle","form":"a","ipa":"/a/"},{"pronoun":"nous","form":"avons","ipa":"/a.vɔ̃/"},{"pronoun":"vous","form":"avez","ipa":"/a.ve/"},{"pronoun":"ils/elles","form":"ont","ipa":"/ɔ̃/"}]}]}');
INSERT INTO theme_section (theme_id, type, sort_order, content) VALUES ('theme06', 'grammar', 0, '{"type":"grammar","notes":[{"title":"Глагол être — быть","text":"Être — самый важный глагол французского языка наряду с avoir. Он неправильный и используется:\n\n• Как смысловой глагол (быть, являться)\n• Как вспомогательный глагол для passé composé с глаголами движения\n• В конструкциях с прилагательными (описание состояний)\n• Для указания профессии, национальности, местоположения\n\nВ русском языке глагол «быть» в настоящем времени обычно опускается («Я студент»), но во французском он обязателен («Je suis étudiant»).","examples":[{"fr":"Je suis","ru":"Я есть / Я являюсь"},{"fr":"Tu es","ru":"Ты есть / Ты являешься"},{"fr":"Il/Elle est","ru":"Он/Она есть / является"},{"fr":"Nous sommes","ru":"Мы есть / являемся"},{"fr":"Vous êtes","ru":"Вы есть / являетесь"},{"fr":"Ils/Elles sont","ru":"Они есть / являются"}]},{"title":"Être + профессия и национальность","text":"Для указания профессии и национальности используется être БЕЗ артикля (в отличие от многих других языков). Прилагательное согласуется в роде с подлежащим.","examples":[{"fr":"Je suis étudiant / étudiante","ru":"Я студент / студентка"},{"fr":"Il est professeur","ru":"Он преподаватель"},{"fr":"Elle est médecin","ru":"Она врач"},{"fr":"Je suis russe","ru":"Я русский / русская"},{"fr":"Il est français","ru":"Он француз"},{"fr":"Elle est française","ru":"Она француженка"}]},{"title":"Être + прилагательное (описание состояний)","text":"Для описания состояний и качеств используется être + прилагательное. Прилагательное согласуется с подлежащим в роде и числе.","examples":[{"fr":"Je suis fatigué(e)","ru":"Я уставший / уставшая"},{"fr":"Tu es content(e)","ru":"Ты довольный / довольная"},{"fr":"Il est grand","ru":"Он высокий"},{"fr":"Elle est petite","ru":"Она маленькая"},{"fr":"Nous sommes prêts","ru":"Мы готовы"},{"fr":"Ils sont malades","ru":"Они больны"}]},{"title":"Être + местоположение","text":"Для указания местоположения используются конструкции être + à / en / dans.","examples":[{"fr":"Je suis à Paris","ru":"Я в Париже"},{"fr":"Tu es à la maison","ru":"Ты дома"},{"fr":"Il est en France","ru":"Он во Франции"},{"fr":"Nous sommes dans la classe","ru":"Мы в классе"},{"fr":"Vous êtes au bureau","ru":"Вы в офисе"},{"fr":"Elles sont en vacances","ru":"Они в отпуске"}]},{"title":"Конструкция c''est / ce sont","text":"C''est (ед. число) и ce sont (мн. число) — очень частые конструкции для представления и указания на предметы/людей.","examples":[{"fr":"C''est un livre","ru":"Это книга"},{"fr":"C''est mon ami","ru":"Это мой друг"},{"fr":"C''est intéressant","ru":"Это интересно"},{"fr":"Ce sont mes parents","ru":"Это мои родители"},{"fr":"C''est la vie !","ru":"Такова жизнь!"},{"fr":"Qu''est-ce que c''est ?","ru":"Что это?"}]},{"title":"Отрицание с être","text":"Отрицание строится по общему правилу: ne + être + pas. В разговорной речи ne часто опускается.","examples":[{"fr":"Je ne suis pas français","ru":"Я не француз"},{"fr":"Tu n''es pas fatigué ?","ru":"Ты не устал?"},{"fr":"Il n''est pas là","ru":"Его здесь нет"},{"fr":"Ce n''est pas vrai","ru":"Это неправда"},{"fr":"Nous ne sommes pas prêts","ru":"Мы не готовы"},{"fr":"Elles ne sont pas d''accord","ru":"Они не согласны"}]}],"tables":[{"verb":"être","translation":"быть","rows":[{"pronoun":"je","form":"suis","ipa":"/sɥi/"},{"pronoun":"tu","form":"es","ipa":"/ɛ/"},{"pronoun":"il/elle","form":"est","ipa":"/ɛ/"},{"pronoun":"nous","form":"sommes","ipa":"/sɔm/"},{"pronoun":"vous","form":"êtes","ipa":"/ɛt/"},{"pronoun":"ils/elles","form":"sont","ipa":"/sɔ̃/"}]}]}');
INSERT INTO theme_section (theme_id, type, sort_order, content) VALUES ('theme07', 'grammar', 0, '{"type":"grammar","notes":[{"title":"Что такое passé composé?","text":"Passé composé — самое употребительное прошедшее время во французском языке. Оно используется для завершённых действий в прошлом. Аналог русского прошедшего времени совершенного вида.\n\nОно называется «составным» (composé), потому что состоит из двух частей:\n\n• Вспомогательный глагол (avoir или être) в настоящем времени\n• Причастие прошедшего времени (participe passé) основного глагола","examples":[{"fr":"J''ai mangé","ru":"Я поел / Я ел"},{"fr":"Tu as parlé","ru":"Ты поговорил"},{"fr":"Il a travaillé","ru":"Он поработал"},{"fr":"Nous avons chanté","ru":"Мы пели / Мы спели"}]},{"title":"Образование participe passé глаголов 1-й группы (-er)","text":"Для глаголов 1-й группы всё просто: убираем -er и добавляем -é.\n\nparler → parlé\nmanger → mangé\naimer → aimé\ntravailler → travaillé\nchanter → chanté\n\nЭто самая большая и регулярная группа. Запомните формулу: основа + é.","examples":[{"fr":"parler → parlé","ru":"говорить → говорённый"},{"fr":"manger → mangé","ru":"есть → съеденный"},{"fr":"aimer → aimé","ru":"любить → любимый"},{"fr":"travailler → travaillé","ru":"работать → отработанный"},{"fr":"danser → dansé","ru":"танцевать → танцевавший"},{"fr":"chercher → cherché","ru":"искать → искавший"}]},{"title":"Спряжение с avoir","text":"Большинство глаголов (около 90%) образуют passé composé с вспомогательным глаголом avoir. Вы уже знаете его спряжение из урока 5!\n\nФормула: avoir в настоящем времени + participe passé","examples":[{"fr":"J''ai parlé","ru":"Я говорил / поговорил"},{"fr":"Tu as mangé","ru":"Ты ел / поел"},{"fr":"Il a chanté","ru":"Он пел / спел"},{"fr":"Elle a dansé","ru":"Она танцевала"},{"fr":"Nous avons travaillé","ru":"Мы работали / поработали"},{"fr":"Vous avez écouté","ru":"Вы слушали / послушали"},{"fr":"Ils ont joué","ru":"Они играли / поиграли"},{"fr":"Elles ont regardé","ru":"Они смотрели / посмотрели"}]},{"title":"Глаголы движения с être","text":"Около 15 глаголов (в основном глаголы движения и изменения состояния) образуют passé composé с être вместо avoir. Запомните их с помощью «дома DR & MRS VANDERTRAMP»:\n\nDevenir, Revenir, Monter, Rester, Sortir, Venir, Aller, Naître, Descendre, Entrer, Retourner, Tomber, Rentrer, Arriver, Mourir, Partir\n\nВажно: при использовании être причастие согласуется с подлежащим в роде и числе!","examples":[{"fr":"Je suis allé(e)","ru":"Я пошёл / пошла"},{"fr":"Tu es arrivé(e)","ru":"Ты пришёл / пришла"},{"fr":"Il est tombé","ru":"Он упал"},{"fr":"Elle est tombée","ru":"Она упала (добавляем -e!)"},{"fr":"Nous sommes partis","ru":"Мы ушли (добавляем -s!)"},{"fr":"Elles sont arrivées","ru":"Они (ж.) пришли (добавляем -es!)"}]},{"title":"Согласование с être","text":"Когда вспомогательный глагол — être, причастие ведёт себя как прилагательное и согласуется с подлежащим:\n\n• Мужской род, ед. число: без изменений (allé)\n• Женский род, ед. число: +e (allée)\n• Мужской род, мн. число: +s (allés)\n• Женский род, мн. число: +es (allées)","examples":[{"fr":"Il est parti","ru":"Он ушёл"},{"fr":"Elle est partie","ru":"Она ушла"},{"fr":"Ils sont partis","ru":"Они (м.) ушли"},{"fr":"Elles sont parties","ru":"Они (ж.) ушли"}]},{"title":"Participe passé неправильных глаголов","text":"Некоторые частые глаголы имеют неправильное причастие. Их нужно запоминать:","examples":[{"fr":"avoir → eu","ru":"иметь → имевший"},{"fr":"être → été","ru":"быть → бывший"},{"fr":"faire → fait","ru":"делать → сделанный"},{"fr":"prendre → pris","ru":"брать → взятый"},{"fr":"mettre → mis","ru":"класть → положенный"},{"fr":"voir → vu","ru":"видеть → увиденный"},{"fr":"dire → dit","ru":"говорить → сказанный"},{"fr":"écrire → écrit","ru":"писать → написанный"},{"fr":"lire → lu","ru":"читать → прочитанный"},{"fr":"boire → bu","ru":"пить → выпитый"},{"fr":"pouvoir → pu","ru":"мочь → смогший"},{"fr":"vouloir → voulu","ru":"хотеть → хотевший"},{"fr":"savoir → su","ru":"знать → узнавший"},{"fr":"venir → venu","ru":"приходить → пришедший"}]},{"title":"Маркеры времени для passé composé","text":"Эти слова-подсказки часто указывают на passé composé:","examples":[{"fr":"hier","ru":"вчера"},{"fr":"la semaine dernière","ru":"на прошлой неделе"},{"fr":"l''année dernière","ru":"в прошлом году"},{"fr":"il y a deux jours","ru":"два дня назад"},{"fr":"ce matin","ru":"сегодня утром"},{"fr":"déjà","ru":"уже"}]}],"tables":[{"verb":"avoir (вспомогательный)","translation":"иметь","rows":[{"pronoun":"j''","form":"ai","ipa":"/ɛ/"},{"pronoun":"tu","form":"as","ipa":"/a/"},{"pronoun":"il/elle","form":"a","ipa":"/a/"},{"pronoun":"nous","form":"avons","ipa":"/a.vɔ̃/"},{"pronoun":"vous","form":"avez","ipa":"/a.ve/"},{"pronoun":"ils/elles","form":"ont","ipa":"/ɔ̃/"}]},{"verb":"être (вспомогательный)","translation":"быть","rows":[{"pronoun":"je","form":"suis","ipa":"/sɥi/"},{"pronoun":"tu","form":"es","ipa":"/ɛ/"},{"pronoun":"il/elle","form":"est","ipa":"/ɛ/"},{"pronoun":"nous","form":"sommes","ipa":"/sɔm/"},{"pronoun":"vous","form":"êtes","ipa":"/ɛt/"},{"pronoun":"ils/elles","form":"sont","ipa":"/sɔ̃/"}]}]}');
INSERT INTO theme_section (theme_id, type, sort_order, content) VALUES ('theme08', 'grammar', 0, '{"type":"grammar","notes":[{"title":"Отрицание в passé composé","text":"В passé composé частицы отрицания ne...pas окружают вспомогательный глагол (avoir или être), а НЕ причастие. Причастие всегда стоит после pas.\n\nФормула: Подлежащее + ne + avoir/être + pas + participe passé\n\nВажно: «ne» сокращается до «n''» перед гласной (n''ai, n''est, n''ont).","examples":[{"fr":"Je n''ai pas mangé","ru":"Я не ел / Я не поел"},{"fr":"Tu n''as pas parlé","ru":"Ты не говорил"},{"fr":"Il n''a pas travaillé","ru":"Он не работал"},{"fr":"Nous n''avons pas chanté","ru":"Мы не пели"},{"fr":"Vous n''avez pas écouté","ru":"Вы не слушали"},{"fr":"Ils n''ont pas joué","ru":"Они не играли"}]},{"title":"Отрицание с глаголами на être","text":"Для глаголов, спрягающихся с être, правило то же самое: ne...pas окружают être. Причастие стоит после pas и по-прежнему согласуется с подлежащим.","examples":[{"fr":"Je ne suis pas allé(e)","ru":"Я не пошёл / не пошла"},{"fr":"Elle n''est pas arrivée","ru":"Она не приехала"},{"fr":"Il n''est pas parti","ru":"Он не ушёл"},{"fr":"Nous ne sommes pas sortis","ru":"Мы не вышли"},{"fr":"Elles ne sont pas tombées","ru":"Они (ж.) не упали"}]},{"title":"Другие формы отрицания","text":"Кроме ne...pas, во французском есть и другие отрицательные конструкции. Они работают по тому же принципу — окружают вспомогательный глагол:\n\n• ne...jamais — никогда\n• ne...rien — ничего\n• ne...plus — больше не\n• ne...personne — никого (но personne стоит ПОСЛЕ причастия!)\n• ne...pas encore — ещё не","examples":[{"fr":"Je n''ai jamais visité Paris","ru":"Я никогда не посещал Париж"},{"fr":"Il n''a rien mangé","ru":"Он ничего не ел"},{"fr":"Elle n''a plus travaillé","ru":"Она больше не работала"},{"fr":"Je n''ai vu personne","ru":"Я никого не видел (personne после причастия!)"},{"fr":"Tu n''as pas encore fini","ru":"Ты ещё не закончил"}]},{"title":"Три способа задать вопрос в passé composé","text":"Во французском языке есть три способа образования вопроса. Все три работают и в passé composé:\n\n1. Интонация (разговорный) — просто поднимите голос в конце. Самый простой способ.\n\n2. Est-ce que (нейтральный) — добавьте «est-ce que» в начало. Универсальный вариант.\n\n3. Инверсия (формальный) — поменяйте местами подлежащее и вспомогательный глагол. Используется в письменной речи и формальном общении.","examples":[{"fr":"Tu as mangé ?","ru":"Ты ел? (интонация)"},{"fr":"Est-ce que tu as mangé ?","ru":"Ты ел? (est-ce que)"},{"fr":"As-tu mangé ?","ru":"Ты ел? (инверсия)"}]},{"title":"Вопросы с инверсией: подробности","text":"При инверсии вспомогательный глагол и местоимение соединяются дефисом. В 3-м лице добавляется -t- между гласными для благозвучия.\n\nС être — тот же принцип: Est-il parti? Est-elle arrivée?\n\nС именным подлежащим используется «двойная» конструкция: Marie est-elle partie?","examples":[{"fr":"Ai-je bien compris ?","ru":"Правильно ли я понял?"},{"fr":"As-tu fini ?","ru":"Ты закончил?"},{"fr":"A-t-il mangé ?","ru":"Он ел? (-t- для благозвучия)"},{"fr":"A-t-elle parlé ?","ru":"Она говорила?"},{"fr":"Avons-nous choisi ?","ru":"Мы выбрали?"},{"fr":"Avez-vous compris ?","ru":"Вы поняли?"},{"fr":"Ont-ils travaillé ?","ru":"Они работали?"},{"fr":"Est-il parti ?","ru":"Он ушёл?"},{"fr":"Est-elle arrivée ?","ru":"Она приехала?"},{"fr":"Marie a-t-elle téléphoné ?","ru":"Мари звонила?"}]},{"title":"Вопросительные слова + passé composé","text":"Вопросительные слова ставятся в начало предложения. После них можно использовать est-ce que или инверсию:\n\n• Où — где / куда\n• Quand — когда\n• Pourquoi — почему\n• Comment — как\n• Combien — сколько\n• Que / Qu'' — что","examples":[{"fr":"Où est-ce que tu as mangé ?","ru":"Где ты ел?"},{"fr":"Où as-tu mangé ?","ru":"Где ты ел? (инверсия)"},{"fr":"Quand est-il arrivé ?","ru":"Когда он приехал?"},{"fr":"Pourquoi n''as-tu pas téléphoné ?","ru":"Почему ты не позвонил?"},{"fr":"Comment a-t-elle fait ?","ru":"Как она это сделала?"},{"fr":"Qu''est-ce que vous avez mangé ?","ru":"Что вы ели?"},{"fr":"Qu''avez-vous fait ?","ru":"Что вы сделали?"}]},{"title":"Отрицательные вопросы","text":"Отрицательный вопрос = вопрос + отрицание. Используется, когда вы удивлены или ожидаете определённый ответ.\n\nС est-ce que: Est-ce que tu n''as pas...?\nС инверсией: N''as-tu pas...?\nРазговорный: Tu n''as pas...?","examples":[{"fr":"Tu n''as pas mangé ?","ru":"Ты не ел? (разговорный)"},{"fr":"Est-ce que tu n''as pas compris ?","ru":"Ты не понял?"},{"fr":"N''avez-vous pas reçu mon message ?","ru":"Вы не получили моё сообщение?"},{"fr":"N''est-elle pas venue ?","ru":"Разве она не пришла?"}]}],"tables":[]}');
INSERT INTO theme_section (theme_id, type, sort_order, content) VALUES ('theme08', 'exercises', 1, '{"type":"exercises","exercises":[{"type":"multiple_choice","prompt":"Выберите правильную отрицательную форму: \"Я не ел\"","options":["Je n''ai pas mangé","Je ne pas ai mangé","Je n''ai mangé pas","Je pas n''ai mangé"],"correctIndex":0},{"type":"fill_blank","sentence":"Elle ___ arrivée hier","answer":"n''est pas"},{"type":"fill_blank","sentence":"Nous ___ regardé ce film","answer":"n''avons pas"},{"type":"multiple_choice","prompt":"Как сказать \"Он никогда не работал\" ?","options":["Il n''a jamais travaillé","Il n''a pas jamais travaillé","Il ne jamais a travaillé","Il a jamais ne travaillé"],"correctIndex":0},{"type":"translation","prompt":"Переведите: Ты ел? (инверсия)","answer":"As-tu mangé"},{"type":"multiple_choice","prompt":"Выберите правильный вопрос с инверсией: \"Она приехала?\"","options":["Est-elle arrivée ?","A-elle arrivée ?","Est arrivée-elle ?","Elle est arrivée ?"],"correctIndex":0},{"type":"fill_blank","sentence":"___-vous compris la leçon ?","answer":"Avez"},{"type":"multiple_choice","prompt":"Где стоит «personne» в отрицании passé composé?","options":["После причастия (participe passé)","Между ne и вспомогательным глаголом","После ne, перед вспомогательным глаголом","В начале предложения"],"correctIndex":0},{"type":"translation","prompt":"Переведите: Где вы работали?","answer":"Où avez-vous travaillé"},{"type":"fill_blank","sentence":"Pourquoi ___-tu ___ téléphoné ?","answer":"n''as pas"},{"type":"matching","pairs":[{"left":"Je n''ai pas mangé","right":"Я не ел"},{"left":"Il n''a jamais parlé","right":"Он никогда не говорил"},{"left":"Elle n''a rien vu","right":"Она ничего не видела"},{"left":"Nous n''avons plus joué","right":"Мы больше не играли"},{"left":"Tu n''as pas encore fini","right":"Ты ещё не закончил"}]},{"type":"multiple_choice","prompt":"A-t-il mangé ? — Зачем здесь «-t-» ?","options":["Для благозвучия между двумя гласными","Это часть спряжения avoir","Это местоимение tu","Это показатель вопроса"],"correctIndex":0}]}');
INSERT INTO theme_section (theme_id, type, sort_order, content) VALUES ('theme09', 'grammar', 0, '{"type":"grammar","notes":[{"title":"Неправильные глаголы I","text":"Содержание урока будет добавлено в ближайшее время."}],"tables":[]}');
INSERT INTO theme_section (theme_id, type, sort_order, content) VALUES ('theme10', 'grammar', 0, '{"type":"grammar","notes":[{"title":"Будущее время","text":"Содержание урока будет добавлено в ближайшее время."}],"tables":[]}');
INSERT INTO theme_section (theme_id, type, sort_order, content) VALUES ('theme11', 'grammar', 0, '{"type":"grammar","notes":[{"title":"Вопросительные слова","text":"Содержание урока будет добавлено в ближайшее время."}],"tables":[]}');
INSERT INTO theme_section (theme_id, type, sort_order, content) VALUES ('theme12', 'grammar', 0, '{"type":"grammar","notes":[{"title":"Рассказ о себе","text":"Содержание урока будет добавлено в ближайшее время."}],"tables":[]}');
INSERT INTO theme_section (theme_id, type, sort_order, content) VALUES ('theme13', 'grammar', 0, '{"type":"grammar","notes":[{"title":"Существительные м.р. и артикли","text":"Содержание урока будет добавлено в ближайшее время."}],"tables":[]}');
INSERT INTO theme_section (theme_id, type, sort_order, content) VALUES ('theme14', 'grammar', 0, '{"type":"grammar","notes":[{"title":"Наречия","text":"Содержание урока будет добавлено в ближайшее время."}],"tables":[]}');
INSERT INTO theme_section (theme_id, type, sort_order, content) VALUES ('theme15', 'grammar', 0, '{"type":"grammar","notes":[{"title":"Женский род","text":"Содержание урока будет добавлено в ближайшее время."}],"tables":[]}');
INSERT INTO theme_section (theme_id, type, sort_order, content) VALUES ('theme16', 'grammar', 0, '{"type":"grammar","notes":[{"title":"Выражения времени","text":"Содержание урока будет добавлено в ближайшее время."}],"tables":[]}');
INSERT INTO theme_section (theme_id, type, sort_order, content) VALUES ('theme17', 'grammar', 0, '{"type":"grammar","notes":[{"title":"Склонение местоимений","text":"Содержание урока будет добавлено в ближайшее время."}],"tables":[]}');
INSERT INTO theme_section (theme_id, type, sort_order, content) VALUES ('theme18', 'grammar', 0, '{"type":"grammar","notes":[{"title":"Союзы","text":"Содержание урока будет добавлено в ближайшее время."}],"tables":[]}');
INSERT INTO theme_section (theme_id, type, sort_order, content) VALUES ('theme19', 'grammar', 0, '{"type":"grammar","notes":[{"title":"Предлоги","text":"Содержание урока будет добавлено в ближайшее время."}],"tables":[]}');
INSERT INTO theme_section (theme_id, type, sort_order, content) VALUES ('theme20', 'grammar', 0, '{"type":"grammar","notes":[{"title":"Притяжательные местоимения","text":"Содержание урока будет добавлено в ближайшее время."}],"tables":[]}');
INSERT INTO theme_section (theme_id, type, sort_order, content) VALUES ('theme21', 'grammar', 0, '{"type":"grammar","notes":[{"title":"Дни недели, месяцы, стороны света","text":"Содержание урока будет добавлено в ближайшее время."}],"tables":[]}');
INSERT INTO theme_section (theme_id, type, sort_order, content) VALUES ('theme22', 'grammar', 0, '{"type":"grammar","notes":[{"title":"Количественные числительные","text":"Содержание урока будет добавлено в ближайшее время."}],"tables":[]}');
INSERT INTO theme_section (theme_id, type, sort_order, content) VALUES ('theme23', 'grammar', 0, '{"type":"grammar","notes":[{"title":"Семья и дом","text":"Содержание урока будет добавлено в ближайшее время."}],"tables":[]}');
INSERT INTO theme_section (theme_id, type, sort_order, content) VALUES ('theme24', 'grammar', 0, '{"type":"grammar","notes":[{"title":"Частичный артикль","text":"Содержание урока будет добавлено в ближайшее время."}],"tables":[]}');
INSERT INTO theme_section (theme_id, type, sort_order, content) VALUES ('theme25', 'grammar', 0, '{"type":"grammar","notes":[{"title":"В ресторане и магазине","text":"Содержание урока будет добавлено в ближайшее время."}],"tables":[]}');
INSERT INTO theme_section (theme_id, type, sort_order, content) VALUES ('theme26', 'grammar', 0, '{"type":"grammar","notes":[{"title":"Свободная беседа","text":"Содержание урока будет добавлено в ближайшее время."}],"tables":[]}');
INSERT INTO theme_section (theme_id, type, sort_order, content) VALUES ('theme27', 'grammar', 0, '{"type":"grammar","notes":[{"title":"Порядковые числительные","text":"Содержание урока будет добавлено в ближайшее время."}],"tables":[]}');
INSERT INTO theme_section (theme_id, type, sort_order, content) VALUES ('theme28', 'grammar', 0, '{"type":"grammar","notes":[{"title":"Прилагательные","text":"Содержание урока будет добавлено в ближайшее время."}],"tables":[]}');
INSERT INTO theme_section (theme_id, type, sort_order, content) VALUES ('theme29', 'grammar', 0, '{"type":"grammar","notes":[{"title":"Повелительное наклонение","text":"Содержание урока будет добавлено в ближайшее время."}],"tables":[]}');
INSERT INTO theme_section (theme_id, type, sort_order, content) VALUES ('theme30', 'grammar', 0, '{"type":"grammar","notes":[{"title":"Степени сравнения","text":"Содержание урока будет добавлено в ближайшее время."}],"tables":[]}');
INSERT INTO theme_section (theme_id, type, sort_order, content) VALUES ('theme31', 'grammar', 0, '{"type":"grammar","notes":[{"title":"Возвратные глаголы","text":"Содержание урока будет добавлено в ближайшее время."}],"tables":[]}');

-- Theme verbs
INSERT INTO theme_verb (theme_id, infinitive, ru, participe_passe, auxiliaire, verb_group) VALUES ('theme01', 'parler', 'говорить', NULL, NULL, 'Общение и речь');
INSERT INTO theme_verb (theme_id, infinitive, ru, participe_passe, auxiliaire, verb_group) VALUES ('theme01', 'demander', 'спрашивать', NULL, NULL, 'Общение и речь');
INSERT INTO theme_verb (theme_id, infinitive, ru, participe_passe, auxiliaire, verb_group) VALUES ('theme01', 'raconter', 'рассказывать', NULL, NULL, 'Общение и речь');
INSERT INTO theme_verb (theme_id, infinitive, ru, participe_passe, auxiliaire, verb_group) VALUES ('theme01', 'expliquer', 'объяснять', NULL, NULL, 'Общение и речь');
INSERT INTO theme_verb (theme_id, infinitive, ru, participe_passe, auxiliaire, verb_group) VALUES ('theme01', 'crier', 'кричать', NULL, NULL, 'Общение и речь');
INSERT INTO theme_verb (theme_id, infinitive, ru, participe_passe, auxiliaire, verb_group) VALUES ('theme01', 'chanter', 'петь', NULL, NULL, 'Общение и речь');
INSERT INTO theme_verb (theme_id, infinitive, ru, participe_passe, auxiliaire, verb_group) VALUES ('theme01', 'aimer', 'любить', NULL, NULL, 'Чувства и эмоции');
INSERT INTO theme_verb (theme_id, infinitive, ru, participe_passe, auxiliaire, verb_group) VALUES ('theme01', 'adorer', 'обожать', NULL, NULL, 'Чувства и эмоции');
INSERT INTO theme_verb (theme_id, infinitive, ru, participe_passe, auxiliaire, verb_group) VALUES ('theme01', 'détester', 'ненавидеть', NULL, NULL, 'Чувства и эмоции');
INSERT INTO theme_verb (theme_id, infinitive, ru, participe_passe, auxiliaire, verb_group) VALUES ('theme01', 'pleurer', 'плакать', NULL, NULL, 'Чувства и эмоции');
INSERT INTO theme_verb (theme_id, infinitive, ru, participe_passe, auxiliaire, verb_group) VALUES ('theme01', 'penser', 'думать', NULL, NULL, 'Чувства и эмоции');
INSERT INTO theme_verb (theme_id, infinitive, ru, participe_passe, auxiliaire, verb_group) VALUES ('theme01', 'manger', 'есть, кушать', NULL, NULL, 'Еда и быт');
INSERT INTO theme_verb (theme_id, infinitive, ru, participe_passe, auxiliaire, verb_group) VALUES ('theme01', 'cuisiner', 'готовить', NULL, NULL, 'Еда и быт');
INSERT INTO theme_verb (theme_id, infinitive, ru, participe_passe, auxiliaire, verb_group) VALUES ('theme01', 'préparer', 'готовить', NULL, NULL, 'Еда и быт');
INSERT INTO theme_verb (theme_id, infinitive, ru, participe_passe, auxiliaire, verb_group) VALUES ('theme01', 'couper', 'резать', NULL, NULL, 'Еда и быт');
INSERT INTO theme_verb (theme_id, infinitive, ru, participe_passe, auxiliaire, verb_group) VALUES ('theme01', 'laver', 'мыть', NULL, NULL, 'Еда и быт');
INSERT INTO theme_verb (theme_id, infinitive, ru, participe_passe, auxiliaire, verb_group) VALUES ('theme01', 'acheter', 'покупать', NULL, NULL, 'Еда и быт');
INSERT INTO theme_verb (theme_id, infinitive, ru, participe_passe, auxiliaire, verb_group) VALUES ('theme01', 'marcher', 'ходить', NULL, NULL, 'Движение');
INSERT INTO theme_verb (theme_id, infinitive, ru, participe_passe, auxiliaire, verb_group) VALUES ('theme01', 'arriver', 'приходить', NULL, NULL, 'Движение');
INSERT INTO theme_verb (theme_id, infinitive, ru, participe_passe, auxiliaire, verb_group) VALUES ('theme01', 'entrer', 'входить', NULL, NULL, 'Движение');
INSERT INTO theme_verb (theme_id, infinitive, ru, participe_passe, auxiliaire, verb_group) VALUES ('theme01', 'monter', 'подниматься', NULL, NULL, 'Движение');
INSERT INTO theme_verb (theme_id, infinitive, ru, participe_passe, auxiliaire, verb_group) VALUES ('theme01', 'tomber', 'падать', NULL, NULL, 'Движение');
INSERT INTO theme_verb (theme_id, infinitive, ru, participe_passe, auxiliaire, verb_group) VALUES ('theme01', 'passer', 'проходить', NULL, NULL, 'Движение');
INSERT INTO theme_verb (theme_id, infinitive, ru, participe_passe, auxiliaire, verb_group) VALUES ('theme01', 'nager', 'плавать', NULL, NULL, 'Движение');
INSERT INTO theme_verb (theme_id, infinitive, ru, participe_passe, auxiliaire, verb_group) VALUES ('theme01', 'voler', 'летать', NULL, NULL, 'Движение');
INSERT INTO theme_verb (theme_id, infinitive, ru, participe_passe, auxiliaire, verb_group) VALUES ('theme01', 'danser', 'танцевать', NULL, NULL, 'Движение');
INSERT INTO theme_verb (theme_id, infinitive, ru, participe_passe, auxiliaire, verb_group) VALUES ('theme01', 'voyager', 'путешествовать', NULL, NULL, 'Движение');
INSERT INTO theme_verb (theme_id, infinitive, ru, participe_passe, auxiliaire, verb_group) VALUES ('theme01', 'travailler', 'работать', NULL, NULL, 'Работа и учёба');
INSERT INTO theme_verb (theme_id, infinitive, ru, participe_passe, auxiliaire, verb_group) VALUES ('theme01', 'étudier', 'изучать', NULL, NULL, 'Работа и учёба');
INSERT INTO theme_verb (theme_id, infinitive, ru, participe_passe, auxiliaire, verb_group) VALUES ('theme01', 'chercher', 'искать', NULL, NULL, 'Работа и учёба');
INSERT INTO theme_verb (theme_id, infinitive, ru, participe_passe, auxiliaire, verb_group) VALUES ('theme01', 'trouver', 'находить', NULL, NULL, 'Работа и учёба');
INSERT INTO theme_verb (theme_id, infinitive, ru, participe_passe, auxiliaire, verb_group) VALUES ('theme01', 'compter', 'считать', NULL, NULL, 'Работа и учёба');
INSERT INTO theme_verb (theme_id, infinitive, ru, participe_passe, auxiliaire, verb_group) VALUES ('theme01', 'gagner', 'выигрывать', NULL, NULL, 'Работа и учёба');
INSERT INTO theme_verb (theme_id, infinitive, ru, participe_passe, auxiliaire, verb_group) VALUES ('theme01', 'essayer', 'пробовать', NULL, NULL, 'Работа и учёба');
INSERT INTO theme_verb (theme_id, infinitive, ru, participe_passe, auxiliaire, verb_group) VALUES ('theme01', 'regarder', 'смотреть', NULL, NULL, 'Восприятие');
INSERT INTO theme_verb (theme_id, infinitive, ru, participe_passe, auxiliaire, verb_group) VALUES ('theme01', 'écouter', 'слушать', NULL, NULL, 'Восприятие');
INSERT INTO theme_verb (theme_id, infinitive, ru, participe_passe, auxiliaire, verb_group) VALUES ('theme01', 'montrer', 'показывать', NULL, NULL, 'Восприятие');
INSERT INTO theme_verb (theme_id, infinitive, ru, participe_passe, auxiliaire, verb_group) VALUES ('theme01', 'dessiner', 'рисовать', NULL, NULL, 'Восприятие');
INSERT INTO theme_verb (theme_id, infinitive, ru, participe_passe, auxiliaire, verb_group) VALUES ('theme01', 'donner', 'давать', NULL, NULL, 'Действия');
INSERT INTO theme_verb (theme_id, infinitive, ru, participe_passe, auxiliaire, verb_group) VALUES ('theme01', 'porter', 'носить', NULL, NULL, 'Действия');
INSERT INTO theme_verb (theme_id, infinitive, ru, participe_passe, auxiliaire, verb_group) VALUES ('theme01', 'jouer', 'играть', NULL, NULL, 'Действия');
INSERT INTO theme_verb (theme_id, infinitive, ru, participe_passe, auxiliaire, verb_group) VALUES ('theme01', 'fermer', 'закрывать', NULL, NULL, 'Действия');
INSERT INTO theme_verb (theme_id, infinitive, ru, participe_passe, auxiliaire, verb_group) VALUES ('theme01', 'commencer', 'начинать', NULL, NULL, 'Действия');
INSERT INTO theme_verb (theme_id, infinitive, ru, participe_passe, auxiliaire, verb_group) VALUES ('theme01', 'terminer', 'заканчивать', NULL, NULL, 'Действия');
INSERT INTO theme_verb (theme_id, infinitive, ru, participe_passe, auxiliaire, verb_group) VALUES ('theme01', 'rester', 'оставаться', NULL, NULL, 'Действия');
INSERT INTO theme_verb (theme_id, infinitive, ru, participe_passe, auxiliaire, verb_group) VALUES ('theme01', 'inviter', 'приглашать', NULL, NULL, 'Социальные');
INSERT INTO theme_verb (theme_id, infinitive, ru, participe_passe, auxiliaire, verb_group) VALUES ('theme01', 'présenter', 'представлять', NULL, NULL, 'Социальные');
INSERT INTO theme_verb (theme_id, infinitive, ru, participe_passe, auxiliaire, verb_group) VALUES ('theme01', 'accepter', 'принимать', NULL, NULL, 'Социальные');
INSERT INTO theme_verb (theme_id, infinitive, ru, participe_passe, auxiliaire, verb_group) VALUES ('theme01', 'refuser', 'отказывать', NULL, NULL, 'Социальные');
INSERT INTO theme_verb (theme_id, infinitive, ru, participe_passe, auxiliaire, verb_group) VALUES ('theme01', 'habiter', 'жить, проживать', NULL, NULL, 'Социальные');
INSERT INTO theme_verb (theme_id, infinitive, ru, participe_passe, auxiliaire, verb_group) VALUES ('theme07', 'parler', 'говорить', 'parlé', 'avoir', 'Правильные (-er)');
INSERT INTO theme_verb (theme_id, infinitive, ru, participe_passe, auxiliaire, verb_group) VALUES ('theme07', 'manger', 'есть', 'mangé', 'avoir', 'Правильные (-er)');
INSERT INTO theme_verb (theme_id, infinitive, ru, participe_passe, auxiliaire, verb_group) VALUES ('theme07', 'travailler', 'работать', 'travaillé', 'avoir', 'Правильные (-er)');
INSERT INTO theme_verb (theme_id, infinitive, ru, participe_passe, auxiliaire, verb_group) VALUES ('theme07', 'aimer', 'любить', 'aimé', 'avoir', 'Правильные (-er)');
INSERT INTO theme_verb (theme_id, infinitive, ru, participe_passe, auxiliaire, verb_group) VALUES ('theme07', 'chanter', 'петь', 'chanté', 'avoir', 'Правильные (-er)');
INSERT INTO theme_verb (theme_id, infinitive, ru, participe_passe, auxiliaire, verb_group) VALUES ('theme07', 'danser', 'танцевать', 'dansé', 'avoir', 'Правильные (-er)');
INSERT INTO theme_verb (theme_id, infinitive, ru, participe_passe, auxiliaire, verb_group) VALUES ('theme07', 'regarder', 'смотреть', 'regardé', 'avoir', 'Правильные (-er)');
INSERT INTO theme_verb (theme_id, infinitive, ru, participe_passe, auxiliaire, verb_group) VALUES ('theme07', 'écouter', 'слушать', 'écouté', 'avoir', 'Правильные (-er)');
INSERT INTO theme_verb (theme_id, infinitive, ru, participe_passe, auxiliaire, verb_group) VALUES ('theme07', 'jouer', 'играть', 'joué', 'avoir', 'Правильные (-er)');
INSERT INTO theme_verb (theme_id, infinitive, ru, participe_passe, auxiliaire, verb_group) VALUES ('theme07', 'chercher', 'искать', 'cherché', 'avoir', 'Правильные (-er)');
INSERT INTO theme_verb (theme_id, infinitive, ru, participe_passe, auxiliaire, verb_group) VALUES ('theme07', 'avoir', 'иметь', 'eu', 'avoir', 'Неправильные (avoir)');
INSERT INTO theme_verb (theme_id, infinitive, ru, participe_passe, auxiliaire, verb_group) VALUES ('theme07', 'faire', 'делать', 'fait', 'avoir', 'Неправильные (avoir)');
INSERT INTO theme_verb (theme_id, infinitive, ru, participe_passe, auxiliaire, verb_group) VALUES ('theme07', 'prendre', 'брать', 'pris', 'avoir', 'Неправильные (avoir)');
INSERT INTO theme_verb (theme_id, infinitive, ru, participe_passe, auxiliaire, verb_group) VALUES ('theme07', 'voir', 'видеть', 'vu', 'avoir', 'Неправильные (avoir)');
INSERT INTO theme_verb (theme_id, infinitive, ru, participe_passe, auxiliaire, verb_group) VALUES ('theme07', 'dire', 'говорить', 'dit', 'avoir', 'Неправильные (avoir)');
INSERT INTO theme_verb (theme_id, infinitive, ru, participe_passe, auxiliaire, verb_group) VALUES ('theme07', 'lire', 'читать', 'lu', 'avoir', 'Неправильные (avoir)');
INSERT INTO theme_verb (theme_id, infinitive, ru, participe_passe, auxiliaire, verb_group) VALUES ('theme07', 'écrire', 'писать', 'écrit', 'avoir', 'Неправильные (avoir)');
INSERT INTO theme_verb (theme_id, infinitive, ru, participe_passe, auxiliaire, verb_group) VALUES ('theme07', 'boire', 'пить', 'bu', 'avoir', 'Неправильные (avoir)');
INSERT INTO theme_verb (theme_id, infinitive, ru, participe_passe, auxiliaire, verb_group) VALUES ('theme07', 'pouvoir', 'мочь', 'pu', 'avoir', 'Неправильные (avoir)');
INSERT INTO theme_verb (theme_id, infinitive, ru, participe_passe, auxiliaire, verb_group) VALUES ('theme07', 'vouloir', 'хотеть', 'voulu', 'avoir', 'Неправильные (avoir)');
INSERT INTO theme_verb (theme_id, infinitive, ru, participe_passe, auxiliaire, verb_group) VALUES ('theme07', 'aller', 'идти', 'allé', 'être', 'С être (движение)');
INSERT INTO theme_verb (theme_id, infinitive, ru, participe_passe, auxiliaire, verb_group) VALUES ('theme07', 'venir', 'приходить', 'venu', 'être', 'С être (движение)');
INSERT INTO theme_verb (theme_id, infinitive, ru, participe_passe, auxiliaire, verb_group) VALUES ('theme07', 'arriver', 'приезжать', 'arrivé', 'être', 'С être (движение)');
INSERT INTO theme_verb (theme_id, infinitive, ru, participe_passe, auxiliaire, verb_group) VALUES ('theme07', 'partir', 'уезжать', 'parti', 'être', 'С être (движение)');
INSERT INTO theme_verb (theme_id, infinitive, ru, participe_passe, auxiliaire, verb_group) VALUES ('theme07', 'entrer', 'входить', 'entré', 'être', 'С être (движение)');
INSERT INTO theme_verb (theme_id, infinitive, ru, participe_passe, auxiliaire, verb_group) VALUES ('theme07', 'sortir', 'выходить', 'sorti', 'être', 'С être (движение)');
INSERT INTO theme_verb (theme_id, infinitive, ru, participe_passe, auxiliaire, verb_group) VALUES ('theme07', 'monter', 'подниматься', 'monté', 'être', 'С être (движение)');
INSERT INTO theme_verb (theme_id, infinitive, ru, participe_passe, auxiliaire, verb_group) VALUES ('theme07', 'descendre', 'спускаться', 'descendu', 'être', 'С être (движение)');
INSERT INTO theme_verb (theme_id, infinitive, ru, participe_passe, auxiliaire, verb_group) VALUES ('theme07', 'tomber', 'падать', 'tombé', 'être', 'С être (движение)');
INSERT INTO theme_verb (theme_id, infinitive, ru, participe_passe, auxiliaire, verb_group) VALUES ('theme07', 'rester', 'оставаться', 'resté', 'être', 'С être (движение)');
INSERT INTO theme_verb (theme_id, infinitive, ru, participe_passe, auxiliaire, verb_group) VALUES ('theme07', 'naître', 'родиться', 'né', 'être', 'С être (движение)');
INSERT INTO theme_verb (theme_id, infinitive, ru, participe_passe, auxiliaire, verb_group) VALUES ('theme07', 'mourir', 'умереть', 'mort', 'être', 'С être (движение)');
INSERT INTO theme_verb (theme_id, infinitive, ru, participe_passe, auxiliaire, verb_group) VALUES ('theme08', 'parler', 'говорить', 'parlé', 'avoir', 'Правильные (-er)');
INSERT INTO theme_verb (theme_id, infinitive, ru, participe_passe, auxiliaire, verb_group) VALUES ('theme08', 'manger', 'есть', 'mangé', 'avoir', 'Правильные (-er)');
INSERT INTO theme_verb (theme_id, infinitive, ru, participe_passe, auxiliaire, verb_group) VALUES ('theme08', 'travailler', 'работать', 'travaillé', 'avoir', 'Правильные (-er)');
INSERT INTO theme_verb (theme_id, infinitive, ru, participe_passe, auxiliaire, verb_group) VALUES ('theme08', 'écouter', 'слушать', 'écouté', 'avoir', 'Правильные (-er)');
INSERT INTO theme_verb (theme_id, infinitive, ru, participe_passe, auxiliaire, verb_group) VALUES ('theme08', 'regarder', 'смотреть', 'regardé', 'avoir', 'Правильные (-er)');
INSERT INTO theme_verb (theme_id, infinitive, ru, participe_passe, auxiliaire, verb_group) VALUES ('theme08', 'jouer', 'играть', 'joué', 'avoir', 'Правильные (-er)');
INSERT INTO theme_verb (theme_id, infinitive, ru, participe_passe, auxiliaire, verb_group) VALUES ('theme08', 'téléphoner', 'звонить', 'téléphoné', 'avoir', 'Правильные (-er)');
INSERT INTO theme_verb (theme_id, infinitive, ru, participe_passe, auxiliaire, verb_group) VALUES ('theme08', 'finir', 'заканчивать', 'fini', 'avoir', 'Правильные (-ir)');
INSERT INTO theme_verb (theme_id, infinitive, ru, participe_passe, auxiliaire, verb_group) VALUES ('theme08', 'choisir', 'выбирать', 'choisi', 'avoir', 'Правильные (-ir)');
INSERT INTO theme_verb (theme_id, infinitive, ru, participe_passe, auxiliaire, verb_group) VALUES ('theme08', 'comprendre', 'понимать', 'compris', 'avoir', 'Неправильные (avoir)');
INSERT INTO theme_verb (theme_id, infinitive, ru, participe_passe, auxiliaire, verb_group) VALUES ('theme08', 'faire', 'делать', 'fait', 'avoir', 'Неправильные (avoir)');
INSERT INTO theme_verb (theme_id, infinitive, ru, participe_passe, auxiliaire, verb_group) VALUES ('theme08', 'voir', 'видеть', 'vu', 'avoir', 'Неправильные (avoir)');
INSERT INTO theme_verb (theme_id, infinitive, ru, participe_passe, auxiliaire, verb_group) VALUES ('theme08', 'recevoir', 'получать', 'reçu', 'avoir', 'Неправильные (avoir)');
INSERT INTO theme_verb (theme_id, infinitive, ru, participe_passe, auxiliaire, verb_group) VALUES ('theme08', 'aller', 'идти', 'allé', 'être', 'С être (движение)');
INSERT INTO theme_verb (theme_id, infinitive, ru, participe_passe, auxiliaire, verb_group) VALUES ('theme08', 'arriver', 'приезжать', 'arrivé', 'être', 'С être (движение)');
INSERT INTO theme_verb (theme_id, infinitive, ru, participe_passe, auxiliaire, verb_group) VALUES ('theme08', 'partir', 'уезжать', 'parti', 'être', 'С être (движение)');
INSERT INTO theme_verb (theme_id, infinitive, ru, participe_passe, auxiliaire, verb_group) VALUES ('theme08', 'venir', 'приходить', 'venu', 'être', 'С être (движение)');
INSERT INTO theme_verb (theme_id, infinitive, ru, participe_passe, auxiliaire, verb_group) VALUES ('theme08', 'sortir', 'выходить', 'sorti', 'être', 'С être (движение)');
INSERT INTO theme_verb (theme_id, infinitive, ru, participe_passe, auxiliaire, verb_group) VALUES ('theme08', 'tomber', 'падать', 'tombé', 'être', 'С être (движение)');
