-- Seed stem-changing -er verbs for Theme 01

-- ══ Vocab entries ══

-- e→è pattern
INSERT INTO vocab (id, target, ipa, gender, freq, theme) VALUES ('fr_309', 'achever', '/aʃ.ve/', NULL, 65, 'actions') ON CONFLICT DO NOTHING;
INSERT INTO vocab (id, target, ipa, gender, freq, theme) VALUES ('fr_310', 'amener', '/am.ne/', NULL, 35, 'movement') ON CONFLICT DO NOTHING;
INSERT INTO vocab (id, target, ipa, gender, freq, theme) VALUES ('fr_311', 'emmener', '/ɑ̃m.ne/', NULL, 45, 'movement') ON CONFLICT DO NOTHING;
INSERT INTO vocab (id, target, ipa, gender, freq, theme) VALUES ('fr_312', 'enlever', '/ɑ̃l.ve/', NULL, 40, 'actions') ON CONFLICT DO NOTHING;
INSERT INTO vocab (id, target, ipa, gender, freq, theme) VALUES ('fr_313', 'lever', '/lə.ve/', NULL, 35, 'actions') ON CONFLICT DO NOTHING;
INSERT INTO vocab (id, target, ipa, gender, freq, theme) VALUES ('fr_314', 'relever', '/ʁəl.ve/', NULL, 55, 'actions') ON CONFLICT DO NOTHING;
INSERT INTO vocab (id, target, ipa, gender, freq, theme) VALUES ('fr_315', 'élever', '/el.ve/', NULL, 45, 'actions') ON CONFLICT DO NOTHING;
INSERT INTO vocab (id, target, ipa, gender, freq, theme) VALUES ('fr_316', 'mener', '/mə.ne/', NULL, 30, 'actions') ON CONFLICT DO NOTHING;
INSERT INTO vocab (id, target, ipa, gender, freq, theme) VALUES ('fr_317', 'promener', '/pʁɔm.ne/', NULL, 55, 'movement') ON CONFLICT DO NOTHING;
INSERT INTO vocab (id, target, ipa, gender, freq, theme) VALUES ('fr_318', 'peser', '/pə.ze/', NULL, 60, 'actions') ON CONFLICT DO NOTHING;
INSERT INTO vocab (id, target, ipa, gender, freq, theme) VALUES ('fr_319', 'geler', '/ʒə.le/', NULL, 80, 'nature') ON CONFLICT DO NOTHING;

-- é→è pattern
INSERT INTO vocab (id, target, ipa, gender, freq, theme) VALUES ('fr_320', 'céder', '/se.de/', NULL, 55, 'actions') ON CONFLICT DO NOTHING;
INSERT INTO vocab (id, target, ipa, gender, freq, theme) VALUES ('fr_321', 'compléter', '/kɔ̃.ple.te/', NULL, 50, 'actions') ON CONFLICT DO NOTHING;
INSERT INTO vocab (id, target, ipa, gender, freq, theme) VALUES ('fr_322', 'considérer', '/kɔ̃.si.de.ʁe/', NULL, 30, 'mind') ON CONFLICT DO NOTHING;
INSERT INTO vocab (id, target, ipa, gender, freq, theme) VALUES ('fr_323', 'espérer', '/ɛs.pe.ʁe/', NULL, 30, 'emotions') ON CONFLICT DO NOTHING;
INSERT INTO vocab (id, target, ipa, gender, freq, theme) VALUES ('fr_324', 'exagérer', '/ɛɡ.za.ʒe.ʁe/', NULL, 65, 'actions') ON CONFLICT DO NOTHING;
INSERT INTO vocab (id, target, ipa, gender, freq, theme) VALUES ('fr_325', 'gérer', '/ʒe.ʁe/', NULL, 40, 'work') ON CONFLICT DO NOTHING;
INSERT INTO vocab (id, target, ipa, gender, freq, theme) VALUES ('fr_326', 'inquiéter', '/ɛ̃.kje.te/', NULL, 45, 'emotions') ON CONFLICT DO NOTHING;
INSERT INTO vocab (id, target, ipa, gender, freq, theme) VALUES ('fr_327', 'pénétrer', '/pe.ne.tʁe/', NULL, 60, 'movement') ON CONFLICT DO NOTHING;
INSERT INTO vocab (id, target, ipa, gender, freq, theme) VALUES ('fr_328', 'posséder', '/pɔ.se.de/', NULL, 45, 'actions') ON CONFLICT DO NOTHING;
INSERT INTO vocab (id, target, ipa, gender, freq, theme) VALUES ('fr_329', 'préférer', '/pʁe.fe.ʁe/', NULL, 25, 'emotions') ON CONFLICT DO NOTHING;
INSERT INTO vocab (id, target, ipa, gender, freq, theme) VALUES ('fr_330', 'répéter', '/ʁe.pe.te/', NULL, 35, 'communication') ON CONFLICT DO NOTHING;
INSERT INTO vocab (id, target, ipa, gender, freq, theme) VALUES ('fr_331', 'suggérer', '/syɡ.ʒe.ʁe/', NULL, 55, 'communication') ON CONFLICT DO NOTHING;

-- Double consonant pattern
INSERT INTO vocab (id, target, ipa, gender, freq, theme) VALUES ('fr_332', 'jeter', '/ʒə.te/', NULL, 35, 'actions') ON CONFLICT DO NOTHING;
INSERT INTO vocab (id, target, ipa, gender, freq, theme) VALUES ('fr_333', 'rejeter', '/ʁə.ʒə.te/', NULL, 55, 'actions') ON CONFLICT DO NOTHING;
INSERT INTO vocab (id, target, ipa, gender, freq, theme) VALUES ('fr_334', 'appeler', '/a.ple/', NULL, 15, 'communication') ON CONFLICT DO NOTHING;
INSERT INTO vocab (id, target, ipa, gender, freq, theme) VALUES ('fr_335', 'rappeler', '/ʁa.ple/', NULL, 25, 'communication') ON CONFLICT DO NOTHING;
INSERT INTO vocab (id, target, ipa, gender, freq, theme) VALUES ('fr_336', 'épeler', '/e.ple/', NULL, 95, 'communication') ON CONFLICT DO NOTHING;
INSERT INTO vocab (id, target, ipa, gender, freq, theme) VALUES ('fr_337', 'renouveler', '/ʁə.nu.vle/', NULL, 60, 'actions') ON CONFLICT DO NOTHING;

-- -yer pattern
INSERT INTO vocab (id, target, ipa, gender, freq, theme) VALUES ('fr_338', 'balayer', '/ba.le.je/', NULL, 85, 'actions') ON CONFLICT DO NOTHING;
INSERT INTO vocab (id, target, ipa, gender, freq, theme) VALUES ('fr_339', 'effrayer', '/e.fʁe.je/', NULL, 75, 'emotions') ON CONFLICT DO NOTHING;
INSERT INTO vocab (id, target, ipa, gender, freq, theme) VALUES ('fr_340', 'égayer', '/e.ɡe.je/', NULL, 110, 'emotions') ON CONFLICT DO NOTHING;
INSERT INTO vocab (id, target, ipa, gender, freq, theme) VALUES ('fr_341', 'employer', '/ɑ̃.plwa.je/', NULL, 30, 'work') ON CONFLICT DO NOTHING;
INSERT INTO vocab (id, target, ipa, gender, freq, theme) VALUES ('fr_342', 'ennuyer', '/ɑ̃.nɥi.je/', NULL, 55, 'emotions') ON CONFLICT DO NOTHING;
INSERT INTO vocab (id, target, ipa, gender, freq, theme) VALUES ('fr_343', 'envoyer', '/ɑ̃.vwa.je/', NULL, 20, 'actions') ON CONFLICT DO NOTHING;
INSERT INTO vocab (id, target, ipa, gender, freq, theme) VALUES ('fr_344', 'essuyer', '/e.sɥi.je/', NULL, 75, 'actions') ON CONFLICT DO NOTHING;
INSERT INTO vocab (id, target, ipa, gender, freq, theme) VALUES ('fr_345', 'nettoyer', '/ne.twa.je/', NULL, 55, 'actions') ON CONFLICT DO NOTHING;
INSERT INTO vocab (id, target, ipa, gender, freq, theme) VALUES ('fr_346', 'payer', '/pe.je/', NULL, 25, 'actions') ON CONFLICT DO NOTHING;
INSERT INTO vocab (id, target, ipa, gender, freq, theme) VALUES ('fr_347', 'renvoyer', '/ʁɑ̃.vwa.je/', NULL, 55, 'actions') ON CONFLICT DO NOTHING;
INSERT INTO vocab (id, target, ipa, gender, freq, theme) VALUES ('fr_348', 'tutoyer', '/ty.twa.je/', NULL, 90, 'communication') ON CONFLICT DO NOTHING;
INSERT INTO vocab (id, target, ipa, gender, freq, theme) VALUES ('fr_349', 'vouvoyer', '/vu.vwa.je/', NULL, 95, 'communication') ON CONFLICT DO NOTHING;

-- -cer verbs
INSERT INTO vocab (id, target, ipa, gender, freq, theme) VALUES ('fr_350', 'agacer', '/a.ɡa.se/', NULL, 75, 'emotions') ON CONFLICT DO NOTHING;
INSERT INTO vocab (id, target, ipa, gender, freq, theme) VALUES ('fr_351', 'annoncer', '/a.nɔ̃.se/', NULL, 35, 'communication') ON CONFLICT DO NOTHING;
INSERT INTO vocab (id, target, ipa, gender, freq, theme) VALUES ('fr_352', 'avancer', '/a.vɑ̃.se/', NULL, 35, 'movement') ON CONFLICT DO NOTHING;
INSERT INTO vocab (id, target, ipa, gender, freq, theme) VALUES ('fr_353', 'balancer', '/ba.lɑ̃.se/', NULL, 70, 'actions') ON CONFLICT DO NOTHING;
INSERT INTO vocab (id, target, ipa, gender, freq, theme) VALUES ('fr_354', 'dénoncer', '/de.nɔ̃.se/', NULL, 55, 'actions') ON CONFLICT DO NOTHING;
INSERT INTO vocab (id, target, ipa, gender, freq, theme) VALUES ('fr_355', 'divorcer', '/di.vɔʁ.se/', NULL, 75, 'actions') ON CONFLICT DO NOTHING;
INSERT INTO vocab (id, target, ipa, gender, freq, theme) VALUES ('fr_356', 'effacer', '/e.fa.se/', NULL, 50, 'actions') ON CONFLICT DO NOTHING;
INSERT INTO vocab (id, target, ipa, gender, freq, theme) VALUES ('fr_357', 'forcer', '/fɔʁ.se/', NULL, 40, 'actions') ON CONFLICT DO NOTHING;
INSERT INTO vocab (id, target, ipa, gender, freq, theme) VALUES ('fr_358', 'lancer', '/lɑ̃.se/', NULL, 30, 'actions') ON CONFLICT DO NOTHING;
INSERT INTO vocab (id, target, ipa, gender, freq, theme) VALUES ('fr_359', 'menacer', '/mə.na.se/', NULL, 45, 'conflict') ON CONFLICT DO NOTHING;
INSERT INTO vocab (id, target, ipa, gender, freq, theme) VALUES ('fr_360', 'placer', '/pla.se/', NULL, 40, 'actions') ON CONFLICT DO NOTHING;
INSERT INTO vocab (id, target, ipa, gender, freq, theme) VALUES ('fr_361', 'prononcer', '/pʁo.nɔ̃.se/', NULL, 40, 'communication') ON CONFLICT DO NOTHING;
INSERT INTO vocab (id, target, ipa, gender, freq, theme) VALUES ('fr_362', 'remplacer', '/ʁɑ̃.pla.se/', NULL, 40, 'actions') ON CONFLICT DO NOTHING;
INSERT INTO vocab (id, target, ipa, gender, freq, theme) VALUES ('fr_363', 'renoncer', '/ʁə.nɔ̃.se/', NULL, 55, 'actions') ON CONFLICT DO NOTHING;
INSERT INTO vocab (id, target, ipa, gender, freq, theme) VALUES ('fr_364', 'sucer', '/sy.se/', NULL, 100, 'actions') ON CONFLICT DO NOTHING;
INSERT INTO vocab (id, target, ipa, gender, freq, theme) VALUES ('fr_365', 'tracer', '/tʁa.se/', NULL, 65, 'actions') ON CONFLICT DO NOTHING;

-- -ger verbs
INSERT INTO vocab (id, target, ipa, gender, freq, theme) VALUES ('fr_366', 'aménager', '/a.me.na.ʒe/', NULL, 60, 'actions') ON CONFLICT DO NOTHING;
INSERT INTO vocab (id, target, ipa, gender, freq, theme) VALUES ('fr_367', 'arranger', '/a.ʁɑ̃.ʒe/', NULL, 50, 'actions') ON CONFLICT DO NOTHING;
INSERT INTO vocab (id, target, ipa, gender, freq, theme) VALUES ('fr_368', 'bouger', '/bu.ʒe/', NULL, 40, 'movement') ON CONFLICT DO NOTHING;
INSERT INTO vocab (id, target, ipa, gender, freq, theme) VALUES ('fr_369', 'changer', '/ʃɑ̃.ʒe/', NULL, 15, 'actions') ON CONFLICT DO NOTHING;
INSERT INTO vocab (id, target, ipa, gender, freq, theme) VALUES ('fr_370', 'charger', '/ʃaʁ.ʒe/', NULL, 35, 'actions') ON CONFLICT DO NOTHING;
INSERT INTO vocab (id, target, ipa, gender, freq, theme) VALUES ('fr_371', 'corriger', '/kɔ.ʁi.ʒe/', NULL, 55, 'work') ON CONFLICT DO NOTHING;
INSERT INTO vocab (id, target, ipa, gender, freq, theme) VALUES ('fr_372', 'décourager', '/de.ku.ʁa.ʒe/', NULL, 70, 'emotions') ON CONFLICT DO NOTHING;
INSERT INTO vocab (id, target, ipa, gender, freq, theme) VALUES ('fr_373', 'dégager', '/de.ɡa.ʒe/', NULL, 50, 'actions') ON CONFLICT DO NOTHING;
INSERT INTO vocab (id, target, ipa, gender, freq, theme) VALUES ('fr_374', 'déménager', '/de.me.na.ʒe/', NULL, 60, 'movement') ON CONFLICT DO NOTHING;
INSERT INTO vocab (id, target, ipa, gender, freq, theme) VALUES ('fr_375', 'déranger', '/de.ʁɑ̃.ʒe/', NULL, 45, 'actions') ON CONFLICT DO NOTHING;
INSERT INTO vocab (id, target, ipa, gender, freq, theme) VALUES ('fr_376', 'diriger', '/di.ʁi.ʒe/', NULL, 30, 'work') ON CONFLICT DO NOTHING;
INSERT INTO vocab (id, target, ipa, gender, freq, theme) VALUES ('fr_377', 'encourager', '/ɑ̃.ku.ʁa.ʒe/', NULL, 45, 'emotions') ON CONFLICT DO NOTHING;
INSERT INTO vocab (id, target, ipa, gender, freq, theme) VALUES ('fr_378', 'engager', '/ɑ̃.ɡa.ʒe/', NULL, 35, 'work') ON CONFLICT DO NOTHING;
INSERT INTO vocab (id, target, ipa, gender, freq, theme) VALUES ('fr_379', 'exiger', '/ɛɡ.zi.ʒe/', NULL, 40, 'actions') ON CONFLICT DO NOTHING;
INSERT INTO vocab (id, target, ipa, gender, freq, theme) VALUES ('fr_380', 'interroger', '/ɛ̃.tɛ.ʁɔ.ʒe/', NULL, 50, 'communication') ON CONFLICT DO NOTHING;
INSERT INTO vocab (id, target, ipa, gender, freq, theme) VALUES ('fr_381', 'juger', '/ʒy.ʒe/', NULL, 35, 'actions') ON CONFLICT DO NOTHING;
INSERT INTO vocab (id, target, ipa, gender, freq, theme) VALUES ('fr_382', 'loger', '/lɔ.ʒe/', NULL, 60, 'actions') ON CONFLICT DO NOTHING;
INSERT INTO vocab (id, target, ipa, gender, freq, theme) VALUES ('fr_383', 'mélanger', '/me.lɑ̃.ʒe/', NULL, 55, 'actions') ON CONFLICT DO NOTHING;
INSERT INTO vocab (id, target, ipa, gender, freq, theme) VALUES ('fr_384', 'obliger', '/ɔ.bli.ʒe/', NULL, 40, 'actions') ON CONFLICT DO NOTHING;
INSERT INTO vocab (id, target, ipa, gender, freq, theme) VALUES ('fr_385', 'partager', '/paʁ.ta.ʒe/', NULL, 30, 'actions') ON CONFLICT DO NOTHING;
INSERT INTO vocab (id, target, ipa, gender, freq, theme) VALUES ('fr_386', 'plonger', '/plɔ̃.ʒe/', NULL, 55, 'movement') ON CONFLICT DO NOTHING;
INSERT INTO vocab (id, target, ipa, gender, freq, theme) VALUES ('fr_387', 'ranger', '/ʁɑ̃.ʒe/', NULL, 55, 'actions') ON CONFLICT DO NOTHING;
INSERT INTO vocab (id, target, ipa, gender, freq, theme) VALUES ('fr_388', 'rédiger', '/ʁe.di.ʒe/', NULL, 55, 'work') ON CONFLICT DO NOTHING;
INSERT INTO vocab (id, target, ipa, gender, freq, theme) VALUES ('fr_389', 'songer', '/sɔ̃.ʒe/', NULL, 70, 'mind') ON CONFLICT DO NOTHING;
INSERT INTO vocab (id, target, ipa, gender, freq, theme) VALUES ('fr_390', 'venger', '/vɑ̃.ʒe/', NULL, 70, 'conflict') ON CONFLICT DO NOTHING;

-- Other
INSERT INTO vocab (id, target, ipa, gender, freq, theme) VALUES ('fr_391', 'créer', '/kʁe.e/', NULL, 20, 'actions') ON CONFLICT DO NOTHING;
INSERT INTO vocab (id, target, ipa, gender, freq, theme) VALUES ('fr_392', 'neiger', '/nɛ.ʒe/', NULL, 90, 'nature') ON CONFLICT DO NOTHING;


-- ══ Translations ══

INSERT INTO vocab_translation (vocab_id, lang, translation) VALUES ('fr_309', 'ru', 'завершать') ON CONFLICT DO NOTHING;
INSERT INTO vocab_translation (vocab_id, lang, translation) VALUES ('fr_309', 'en', 'to complete') ON CONFLICT DO NOTHING;
INSERT INTO vocab_translation (vocab_id, lang, translation) VALUES ('fr_310', 'ru', 'приводить') ON CONFLICT DO NOTHING;
INSERT INTO vocab_translation (vocab_id, lang, translation) VALUES ('fr_310', 'en', 'to bring (person)') ON CONFLICT DO NOTHING;
INSERT INTO vocab_translation (vocab_id, lang, translation) VALUES ('fr_311', 'ru', 'уводить, увозить') ON CONFLICT DO NOTHING;
INSERT INTO vocab_translation (vocab_id, lang, translation) VALUES ('fr_311', 'en', 'to take (person) away') ON CONFLICT DO NOTHING;
INSERT INTO vocab_translation (vocab_id, lang, translation) VALUES ('fr_312', 'ru', 'снимать, убирать') ON CONFLICT DO NOTHING;
INSERT INTO vocab_translation (vocab_id, lang, translation) VALUES ('fr_312', 'en', 'to remove') ON CONFLICT DO NOTHING;
INSERT INTO vocab_translation (vocab_id, lang, translation) VALUES ('fr_313', 'ru', 'поднимать') ON CONFLICT DO NOTHING;
INSERT INTO vocab_translation (vocab_id, lang, translation) VALUES ('fr_313', 'en', 'to raise') ON CONFLICT DO NOTHING;
INSERT INTO vocab_translation (vocab_id, lang, translation) VALUES ('fr_314', 'ru', 'поднимать, отмечать') ON CONFLICT DO NOTHING;
INSERT INTO vocab_translation (vocab_id, lang, translation) VALUES ('fr_314', 'en', 'to raise / to note') ON CONFLICT DO NOTHING;
INSERT INTO vocab_translation (vocab_id, lang, translation) VALUES ('fr_315', 'ru', 'воспитывать, поднимать') ON CONFLICT DO NOTHING;
INSERT INTO vocab_translation (vocab_id, lang, translation) VALUES ('fr_315', 'en', 'to raise / to bring up') ON CONFLICT DO NOTHING;
INSERT INTO vocab_translation (vocab_id, lang, translation) VALUES ('fr_316', 'ru', 'вести') ON CONFLICT DO NOTHING;
INSERT INTO vocab_translation (vocab_id, lang, translation) VALUES ('fr_316', 'en', 'to lead') ON CONFLICT DO NOTHING;
INSERT INTO vocab_translation (vocab_id, lang, translation) VALUES ('fr_317', 'ru', 'гулять, выгуливать') ON CONFLICT DO NOTHING;
INSERT INTO vocab_translation (vocab_id, lang, translation) VALUES ('fr_317', 'en', 'to walk (someone)') ON CONFLICT DO NOTHING;
INSERT INTO vocab_translation (vocab_id, lang, translation) VALUES ('fr_318', 'ru', 'взвешивать') ON CONFLICT DO NOTHING;
INSERT INTO vocab_translation (vocab_id, lang, translation) VALUES ('fr_318', 'en', 'to weigh') ON CONFLICT DO NOTHING;
INSERT INTO vocab_translation (vocab_id, lang, translation) VALUES ('fr_319', 'ru', 'замерзать') ON CONFLICT DO NOTHING;
INSERT INTO vocab_translation (vocab_id, lang, translation) VALUES ('fr_319', 'en', 'to freeze') ON CONFLICT DO NOTHING;
INSERT INTO vocab_translation (vocab_id, lang, translation) VALUES ('fr_320', 'ru', 'уступать') ON CONFLICT DO NOTHING;
INSERT INTO vocab_translation (vocab_id, lang, translation) VALUES ('fr_320', 'en', 'to yield') ON CONFLICT DO NOTHING;
INSERT INTO vocab_translation (vocab_id, lang, translation) VALUES ('fr_321', 'ru', 'дополнять') ON CONFLICT DO NOTHING;
INSERT INTO vocab_translation (vocab_id, lang, translation) VALUES ('fr_321', 'en', 'to complete') ON CONFLICT DO NOTHING;
INSERT INTO vocab_translation (vocab_id, lang, translation) VALUES ('fr_322', 'ru', 'рассматривать') ON CONFLICT DO NOTHING;
INSERT INTO vocab_translation (vocab_id, lang, translation) VALUES ('fr_322', 'en', 'to consider') ON CONFLICT DO NOTHING;
INSERT INTO vocab_translation (vocab_id, lang, translation) VALUES ('fr_323', 'ru', 'надеяться') ON CONFLICT DO NOTHING;
INSERT INTO vocab_translation (vocab_id, lang, translation) VALUES ('fr_323', 'en', 'to hope') ON CONFLICT DO NOTHING;
INSERT INTO vocab_translation (vocab_id, lang, translation) VALUES ('fr_324', 'ru', 'преувеличивать') ON CONFLICT DO NOTHING;
INSERT INTO vocab_translation (vocab_id, lang, translation) VALUES ('fr_324', 'en', 'to exaggerate') ON CONFLICT DO NOTHING;
INSERT INTO vocab_translation (vocab_id, lang, translation) VALUES ('fr_325', 'ru', 'управлять') ON CONFLICT DO NOTHING;
INSERT INTO vocab_translation (vocab_id, lang, translation) VALUES ('fr_325', 'en', 'to manage') ON CONFLICT DO NOTHING;
INSERT INTO vocab_translation (vocab_id, lang, translation) VALUES ('fr_326', 'ru', 'беспокоить') ON CONFLICT DO NOTHING;
INSERT INTO vocab_translation (vocab_id, lang, translation) VALUES ('fr_326', 'en', 'to worry') ON CONFLICT DO NOTHING;
INSERT INTO vocab_translation (vocab_id, lang, translation) VALUES ('fr_327', 'ru', 'проникать') ON CONFLICT DO NOTHING;
INSERT INTO vocab_translation (vocab_id, lang, translation) VALUES ('fr_327', 'en', 'to penetrate') ON CONFLICT DO NOTHING;
INSERT INTO vocab_translation (vocab_id, lang, translation) VALUES ('fr_328', 'ru', 'владеть') ON CONFLICT DO NOTHING;
INSERT INTO vocab_translation (vocab_id, lang, translation) VALUES ('fr_328', 'en', 'to own') ON CONFLICT DO NOTHING;
INSERT INTO vocab_translation (vocab_id, lang, translation) VALUES ('fr_329', 'ru', 'предпочитать') ON CONFLICT DO NOTHING;
INSERT INTO vocab_translation (vocab_id, lang, translation) VALUES ('fr_329', 'en', 'to prefer') ON CONFLICT DO NOTHING;
INSERT INTO vocab_translation (vocab_id, lang, translation) VALUES ('fr_330', 'ru', 'повторять') ON CONFLICT DO NOTHING;
INSERT INTO vocab_translation (vocab_id, lang, translation) VALUES ('fr_330', 'en', 'to repeat') ON CONFLICT DO NOTHING;
INSERT INTO vocab_translation (vocab_id, lang, translation) VALUES ('fr_331', 'ru', 'предлагать') ON CONFLICT DO NOTHING;
INSERT INTO vocab_translation (vocab_id, lang, translation) VALUES ('fr_331', 'en', 'to suggest') ON CONFLICT DO NOTHING;
INSERT INTO vocab_translation (vocab_id, lang, translation) VALUES ('fr_332', 'ru', 'бросать') ON CONFLICT DO NOTHING;
INSERT INTO vocab_translation (vocab_id, lang, translation) VALUES ('fr_332', 'en', 'to throw') ON CONFLICT DO NOTHING;
INSERT INTO vocab_translation (vocab_id, lang, translation) VALUES ('fr_333', 'ru', 'отвергать') ON CONFLICT DO NOTHING;
INSERT INTO vocab_translation (vocab_id, lang, translation) VALUES ('fr_333', 'en', 'to reject') ON CONFLICT DO NOTHING;
INSERT INTO vocab_translation (vocab_id, lang, translation) VALUES ('fr_334', 'ru', 'звать, звонить') ON CONFLICT DO NOTHING;
INSERT INTO vocab_translation (vocab_id, lang, translation) VALUES ('fr_334', 'en', 'to call') ON CONFLICT DO NOTHING;
INSERT INTO vocab_translation (vocab_id, lang, translation) VALUES ('fr_335', 'ru', 'перезванивать, напоминать') ON CONFLICT DO NOTHING;
INSERT INTO vocab_translation (vocab_id, lang, translation) VALUES ('fr_335', 'en', 'to call back / to remind') ON CONFLICT DO NOTHING;
INSERT INTO vocab_translation (vocab_id, lang, translation) VALUES ('fr_336', 'ru', 'произносить по буквам') ON CONFLICT DO NOTHING;
INSERT INTO vocab_translation (vocab_id, lang, translation) VALUES ('fr_336', 'en', 'to spell') ON CONFLICT DO NOTHING;
INSERT INTO vocab_translation (vocab_id, lang, translation) VALUES ('fr_337', 'ru', 'обновлять') ON CONFLICT DO NOTHING;
INSERT INTO vocab_translation (vocab_id, lang, translation) VALUES ('fr_337', 'en', 'to renew') ON CONFLICT DO NOTHING;
INSERT INTO vocab_translation (vocab_id, lang, translation) VALUES ('fr_338', 'ru', 'подметать') ON CONFLICT DO NOTHING;
INSERT INTO vocab_translation (vocab_id, lang, translation) VALUES ('fr_338', 'en', 'to sweep') ON CONFLICT DO NOTHING;
INSERT INTO vocab_translation (vocab_id, lang, translation) VALUES ('fr_339', 'ru', 'пугать') ON CONFLICT DO NOTHING;
INSERT INTO vocab_translation (vocab_id, lang, translation) VALUES ('fr_339', 'en', 'to frighten') ON CONFLICT DO NOTHING;
INSERT INTO vocab_translation (vocab_id, lang, translation) VALUES ('fr_340', 'ru', 'веселить') ON CONFLICT DO NOTHING;
INSERT INTO vocab_translation (vocab_id, lang, translation) VALUES ('fr_340', 'en', 'to cheer up') ON CONFLICT DO NOTHING;
INSERT INTO vocab_translation (vocab_id, lang, translation) VALUES ('fr_341', 'ru', 'использовать, нанимать') ON CONFLICT DO NOTHING;
INSERT INTO vocab_translation (vocab_id, lang, translation) VALUES ('fr_341', 'en', 'to use / to employ') ON CONFLICT DO NOTHING;
INSERT INTO vocab_translation (vocab_id, lang, translation) VALUES ('fr_342', 'ru', 'скучать, надоедать') ON CONFLICT DO NOTHING;
INSERT INTO vocab_translation (vocab_id, lang, translation) VALUES ('fr_342', 'en', 'to bore / to annoy') ON CONFLICT DO NOTHING;
INSERT INTO vocab_translation (vocab_id, lang, translation) VALUES ('fr_343', 'ru', 'отправлять') ON CONFLICT DO NOTHING;
INSERT INTO vocab_translation (vocab_id, lang, translation) VALUES ('fr_343', 'en', 'to send') ON CONFLICT DO NOTHING;
INSERT INTO vocab_translation (vocab_id, lang, translation) VALUES ('fr_344', 'ru', 'вытирать') ON CONFLICT DO NOTHING;
INSERT INTO vocab_translation (vocab_id, lang, translation) VALUES ('fr_344', 'en', 'to wipe') ON CONFLICT DO NOTHING;
INSERT INTO vocab_translation (vocab_id, lang, translation) VALUES ('fr_345', 'ru', 'чистить') ON CONFLICT DO NOTHING;
INSERT INTO vocab_translation (vocab_id, lang, translation) VALUES ('fr_345', 'en', 'to clean') ON CONFLICT DO NOTHING;
INSERT INTO vocab_translation (vocab_id, lang, translation) VALUES ('fr_346', 'ru', 'платить') ON CONFLICT DO NOTHING;
INSERT INTO vocab_translation (vocab_id, lang, translation) VALUES ('fr_346', 'en', 'to pay') ON CONFLICT DO NOTHING;
INSERT INTO vocab_translation (vocab_id, lang, translation) VALUES ('fr_347', 'ru', 'отсылать, увольнять') ON CONFLICT DO NOTHING;
INSERT INTO vocab_translation (vocab_id, lang, translation) VALUES ('fr_347', 'en', 'to send back / to fire') ON CONFLICT DO NOTHING;
INSERT INTO vocab_translation (vocab_id, lang, translation) VALUES ('fr_348', 'ru', 'обращаться на «ты»') ON CONFLICT DO NOTHING;
INSERT INTO vocab_translation (vocab_id, lang, translation) VALUES ('fr_348', 'en', 'to address informally') ON CONFLICT DO NOTHING;
INSERT INTO vocab_translation (vocab_id, lang, translation) VALUES ('fr_349', 'ru', 'обращаться на «вы»') ON CONFLICT DO NOTHING;
INSERT INTO vocab_translation (vocab_id, lang, translation) VALUES ('fr_349', 'en', 'to address formally') ON CONFLICT DO NOTHING;
INSERT INTO vocab_translation (vocab_id, lang, translation) VALUES ('fr_350', 'ru', 'раздражать') ON CONFLICT DO NOTHING;
INSERT INTO vocab_translation (vocab_id, lang, translation) VALUES ('fr_350', 'en', 'to irritate') ON CONFLICT DO NOTHING;
INSERT INTO vocab_translation (vocab_id, lang, translation) VALUES ('fr_351', 'ru', 'объявлять') ON CONFLICT DO NOTHING;
INSERT INTO vocab_translation (vocab_id, lang, translation) VALUES ('fr_351', 'en', 'to announce') ON CONFLICT DO NOTHING;
INSERT INTO vocab_translation (vocab_id, lang, translation) VALUES ('fr_352', 'ru', 'продвигаться') ON CONFLICT DO NOTHING;
INSERT INTO vocab_translation (vocab_id, lang, translation) VALUES ('fr_352', 'en', 'to advance') ON CONFLICT DO NOTHING;
INSERT INTO vocab_translation (vocab_id, lang, translation) VALUES ('fr_353', 'ru', 'раскачивать') ON CONFLICT DO NOTHING;
INSERT INTO vocab_translation (vocab_id, lang, translation) VALUES ('fr_353', 'en', 'to swing') ON CONFLICT DO NOTHING;
INSERT INTO vocab_translation (vocab_id, lang, translation) VALUES ('fr_354', 'ru', 'доносить, осуждать') ON CONFLICT DO NOTHING;
INSERT INTO vocab_translation (vocab_id, lang, translation) VALUES ('fr_354', 'en', 'to denounce') ON CONFLICT DO NOTHING;
INSERT INTO vocab_translation (vocab_id, lang, translation) VALUES ('fr_355', 'ru', 'разводиться') ON CONFLICT DO NOTHING;
INSERT INTO vocab_translation (vocab_id, lang, translation) VALUES ('fr_355', 'en', 'to divorce') ON CONFLICT DO NOTHING;
INSERT INTO vocab_translation (vocab_id, lang, translation) VALUES ('fr_356', 'ru', 'стирать') ON CONFLICT DO NOTHING;
INSERT INTO vocab_translation (vocab_id, lang, translation) VALUES ('fr_356', 'en', 'to erase') ON CONFLICT DO NOTHING;
INSERT INTO vocab_translation (vocab_id, lang, translation) VALUES ('fr_357', 'ru', 'заставлять') ON CONFLICT DO NOTHING;
INSERT INTO vocab_translation (vocab_id, lang, translation) VALUES ('fr_357', 'en', 'to force') ON CONFLICT DO NOTHING;
INSERT INTO vocab_translation (vocab_id, lang, translation) VALUES ('fr_358', 'ru', 'бросать, запускать') ON CONFLICT DO NOTHING;
INSERT INTO vocab_translation (vocab_id, lang, translation) VALUES ('fr_358', 'en', 'to throw / to launch') ON CONFLICT DO NOTHING;
INSERT INTO vocab_translation (vocab_id, lang, translation) VALUES ('fr_359', 'ru', 'угрожать') ON CONFLICT DO NOTHING;
INSERT INTO vocab_translation (vocab_id, lang, translation) VALUES ('fr_359', 'en', 'to threaten') ON CONFLICT DO NOTHING;
INSERT INTO vocab_translation (vocab_id, lang, translation) VALUES ('fr_360', 'ru', 'размещать') ON CONFLICT DO NOTHING;
INSERT INTO vocab_translation (vocab_id, lang, translation) VALUES ('fr_360', 'en', 'to place') ON CONFLICT DO NOTHING;
INSERT INTO vocab_translation (vocab_id, lang, translation) VALUES ('fr_361', 'ru', 'произносить') ON CONFLICT DO NOTHING;
INSERT INTO vocab_translation (vocab_id, lang, translation) VALUES ('fr_361', 'en', 'to pronounce') ON CONFLICT DO NOTHING;
INSERT INTO vocab_translation (vocab_id, lang, translation) VALUES ('fr_362', 'ru', 'заменять') ON CONFLICT DO NOTHING;
INSERT INTO vocab_translation (vocab_id, lang, translation) VALUES ('fr_362', 'en', 'to replace') ON CONFLICT DO NOTHING;
INSERT INTO vocab_translation (vocab_id, lang, translation) VALUES ('fr_363', 'ru', 'отказываться') ON CONFLICT DO NOTHING;
INSERT INTO vocab_translation (vocab_id, lang, translation) VALUES ('fr_363', 'en', 'to give up') ON CONFLICT DO NOTHING;
INSERT INTO vocab_translation (vocab_id, lang, translation) VALUES ('fr_364', 'ru', 'сосать') ON CONFLICT DO NOTHING;
INSERT INTO vocab_translation (vocab_id, lang, translation) VALUES ('fr_364', 'en', 'to suck') ON CONFLICT DO NOTHING;
INSERT INTO vocab_translation (vocab_id, lang, translation) VALUES ('fr_365', 'ru', 'чертить') ON CONFLICT DO NOTHING;
INSERT INTO vocab_translation (vocab_id, lang, translation) VALUES ('fr_365', 'en', 'to trace / to draw') ON CONFLICT DO NOTHING;
INSERT INTO vocab_translation (vocab_id, lang, translation) VALUES ('fr_366', 'ru', 'обустраивать') ON CONFLICT DO NOTHING;
INSERT INTO vocab_translation (vocab_id, lang, translation) VALUES ('fr_366', 'en', 'to set up / to arrange') ON CONFLICT DO NOTHING;
INSERT INTO vocab_translation (vocab_id, lang, translation) VALUES ('fr_367', 'ru', 'устраивать') ON CONFLICT DO NOTHING;
INSERT INTO vocab_translation (vocab_id, lang, translation) VALUES ('fr_367', 'en', 'to arrange') ON CONFLICT DO NOTHING;
INSERT INTO vocab_translation (vocab_id, lang, translation) VALUES ('fr_368', 'ru', 'двигаться') ON CONFLICT DO NOTHING;
INSERT INTO vocab_translation (vocab_id, lang, translation) VALUES ('fr_368', 'en', 'to move') ON CONFLICT DO NOTHING;
INSERT INTO vocab_translation (vocab_id, lang, translation) VALUES ('fr_369', 'ru', 'менять') ON CONFLICT DO NOTHING;
INSERT INTO vocab_translation (vocab_id, lang, translation) VALUES ('fr_369', 'en', 'to change') ON CONFLICT DO NOTHING;
INSERT INTO vocab_translation (vocab_id, lang, translation) VALUES ('fr_370', 'ru', 'заряжать, загружать') ON CONFLICT DO NOTHING;
INSERT INTO vocab_translation (vocab_id, lang, translation) VALUES ('fr_370', 'en', 'to charge / to load') ON CONFLICT DO NOTHING;
INSERT INTO vocab_translation (vocab_id, lang, translation) VALUES ('fr_371', 'ru', 'исправлять') ON CONFLICT DO NOTHING;
INSERT INTO vocab_translation (vocab_id, lang, translation) VALUES ('fr_371', 'en', 'to correct') ON CONFLICT DO NOTHING;
INSERT INTO vocab_translation (vocab_id, lang, translation) VALUES ('fr_372', 'ru', 'обескураживать') ON CONFLICT DO NOTHING;
INSERT INTO vocab_translation (vocab_id, lang, translation) VALUES ('fr_372', 'en', 'to discourage') ON CONFLICT DO NOTHING;
INSERT INTO vocab_translation (vocab_id, lang, translation) VALUES ('fr_373', 'ru', 'освобождать') ON CONFLICT DO NOTHING;
INSERT INTO vocab_translation (vocab_id, lang, translation) VALUES ('fr_373', 'en', 'to clear / to free') ON CONFLICT DO NOTHING;
INSERT INTO vocab_translation (vocab_id, lang, translation) VALUES ('fr_374', 'ru', 'переезжать') ON CONFLICT DO NOTHING;
INSERT INTO vocab_translation (vocab_id, lang, translation) VALUES ('fr_374', 'en', 'to move (house)') ON CONFLICT DO NOTHING;
INSERT INTO vocab_translation (vocab_id, lang, translation) VALUES ('fr_375', 'ru', 'беспокоить') ON CONFLICT DO NOTHING;
INSERT INTO vocab_translation (vocab_id, lang, translation) VALUES ('fr_375', 'en', 'to disturb') ON CONFLICT DO NOTHING;
INSERT INTO vocab_translation (vocab_id, lang, translation) VALUES ('fr_376', 'ru', 'руководить') ON CONFLICT DO NOTHING;
INSERT INTO vocab_translation (vocab_id, lang, translation) VALUES ('fr_376', 'en', 'to direct / to manage') ON CONFLICT DO NOTHING;
INSERT INTO vocab_translation (vocab_id, lang, translation) VALUES ('fr_377', 'ru', 'поощрять') ON CONFLICT DO NOTHING;
INSERT INTO vocab_translation (vocab_id, lang, translation) VALUES ('fr_377', 'en', 'to encourage') ON CONFLICT DO NOTHING;
INSERT INTO vocab_translation (vocab_id, lang, translation) VALUES ('fr_378', 'ru', 'нанимать, начинать') ON CONFLICT DO NOTHING;
INSERT INTO vocab_translation (vocab_id, lang, translation) VALUES ('fr_378', 'en', 'to hire / to engage') ON CONFLICT DO NOTHING;
INSERT INTO vocab_translation (vocab_id, lang, translation) VALUES ('fr_379', 'ru', 'требовать') ON CONFLICT DO NOTHING;
INSERT INTO vocab_translation (vocab_id, lang, translation) VALUES ('fr_379', 'en', 'to demand') ON CONFLICT DO NOTHING;
INSERT INTO vocab_translation (vocab_id, lang, translation) VALUES ('fr_380', 'ru', 'допрашивать') ON CONFLICT DO NOTHING;
INSERT INTO vocab_translation (vocab_id, lang, translation) VALUES ('fr_380', 'en', 'to question') ON CONFLICT DO NOTHING;
INSERT INTO vocab_translation (vocab_id, lang, translation) VALUES ('fr_381', 'ru', 'судить') ON CONFLICT DO NOTHING;
INSERT INTO vocab_translation (vocab_id, lang, translation) VALUES ('fr_381', 'en', 'to judge') ON CONFLICT DO NOTHING;
INSERT INTO vocab_translation (vocab_id, lang, translation) VALUES ('fr_382', 'ru', 'размещать, проживать') ON CONFLICT DO NOTHING;
INSERT INTO vocab_translation (vocab_id, lang, translation) VALUES ('fr_382', 'en', 'to house / to live') ON CONFLICT DO NOTHING;
INSERT INTO vocab_translation (vocab_id, lang, translation) VALUES ('fr_383', 'ru', 'смешивать') ON CONFLICT DO NOTHING;
INSERT INTO vocab_translation (vocab_id, lang, translation) VALUES ('fr_383', 'en', 'to mix') ON CONFLICT DO NOTHING;
INSERT INTO vocab_translation (vocab_id, lang, translation) VALUES ('fr_384', 'ru', 'обязывать') ON CONFLICT DO NOTHING;
INSERT INTO vocab_translation (vocab_id, lang, translation) VALUES ('fr_384', 'en', 'to oblige') ON CONFLICT DO NOTHING;
INSERT INTO vocab_translation (vocab_id, lang, translation) VALUES ('fr_385', 'ru', 'делиться') ON CONFLICT DO NOTHING;
INSERT INTO vocab_translation (vocab_id, lang, translation) VALUES ('fr_385', 'en', 'to share') ON CONFLICT DO NOTHING;
INSERT INTO vocab_translation (vocab_id, lang, translation) VALUES ('fr_386', 'ru', 'нырять') ON CONFLICT DO NOTHING;
INSERT INTO vocab_translation (vocab_id, lang, translation) VALUES ('fr_386', 'en', 'to dive') ON CONFLICT DO NOTHING;
INSERT INTO vocab_translation (vocab_id, lang, translation) VALUES ('fr_387', 'ru', 'убирать, наводить порядок') ON CONFLICT DO NOTHING;
INSERT INTO vocab_translation (vocab_id, lang, translation) VALUES ('fr_387', 'en', 'to tidy up') ON CONFLICT DO NOTHING;
INSERT INTO vocab_translation (vocab_id, lang, translation) VALUES ('fr_388', 'ru', 'составлять, редактировать') ON CONFLICT DO NOTHING;
INSERT INTO vocab_translation (vocab_id, lang, translation) VALUES ('fr_388', 'en', 'to write / to draft') ON CONFLICT DO NOTHING;
INSERT INTO vocab_translation (vocab_id, lang, translation) VALUES ('fr_389', 'ru', 'мечтать, размышлять') ON CONFLICT DO NOTHING;
INSERT INTO vocab_translation (vocab_id, lang, translation) VALUES ('fr_389', 'en', 'to dream / to ponder') ON CONFLICT DO NOTHING;
INSERT INTO vocab_translation (vocab_id, lang, translation) VALUES ('fr_390', 'ru', 'мстить') ON CONFLICT DO NOTHING;
INSERT INTO vocab_translation (vocab_id, lang, translation) VALUES ('fr_390', 'en', 'to avenge') ON CONFLICT DO NOTHING;
INSERT INTO vocab_translation (vocab_id, lang, translation) VALUES ('fr_391', 'ru', 'создавать') ON CONFLICT DO NOTHING;
INSERT INTO vocab_translation (vocab_id, lang, translation) VALUES ('fr_391', 'en', 'to create') ON CONFLICT DO NOTHING;
INSERT INTO vocab_translation (vocab_id, lang, translation) VALUES ('fr_392', 'ru', 'идти (о снеге)') ON CONFLICT DO NOTHING;
INSERT INTO vocab_translation (vocab_id, lang, translation) VALUES ('fr_392', 'en', 'to snow') ON CONFLICT DO NOTHING;


-- ══ Theme-vocab links ══

INSERT INTO theme_vocab (theme_id, vocab_id) VALUES ('theme01', 'fr_309') ON CONFLICT DO NOTHING;
INSERT INTO theme_vocab (theme_id, vocab_id) VALUES ('theme01', 'fr_310') ON CONFLICT DO NOTHING;
INSERT INTO theme_vocab (theme_id, vocab_id) VALUES ('theme01', 'fr_311') ON CONFLICT DO NOTHING;
INSERT INTO theme_vocab (theme_id, vocab_id) VALUES ('theme01', 'fr_312') ON CONFLICT DO NOTHING;
INSERT INTO theme_vocab (theme_id, vocab_id) VALUES ('theme01', 'fr_313') ON CONFLICT DO NOTHING;
INSERT INTO theme_vocab (theme_id, vocab_id) VALUES ('theme01', 'fr_314') ON CONFLICT DO NOTHING;
INSERT INTO theme_vocab (theme_id, vocab_id) VALUES ('theme01', 'fr_315') ON CONFLICT DO NOTHING;
INSERT INTO theme_vocab (theme_id, vocab_id) VALUES ('theme01', 'fr_316') ON CONFLICT DO NOTHING;
INSERT INTO theme_vocab (theme_id, vocab_id) VALUES ('theme01', 'fr_317') ON CONFLICT DO NOTHING;
INSERT INTO theme_vocab (theme_id, vocab_id) VALUES ('theme01', 'fr_318') ON CONFLICT DO NOTHING;
INSERT INTO theme_vocab (theme_id, vocab_id) VALUES ('theme01', 'fr_319') ON CONFLICT DO NOTHING;
INSERT INTO theme_vocab (theme_id, vocab_id) VALUES ('theme01', 'fr_320') ON CONFLICT DO NOTHING;
INSERT INTO theme_vocab (theme_id, vocab_id) VALUES ('theme01', 'fr_321') ON CONFLICT DO NOTHING;
INSERT INTO theme_vocab (theme_id, vocab_id) VALUES ('theme01', 'fr_322') ON CONFLICT DO NOTHING;
INSERT INTO theme_vocab (theme_id, vocab_id) VALUES ('theme01', 'fr_323') ON CONFLICT DO NOTHING;
INSERT INTO theme_vocab (theme_id, vocab_id) VALUES ('theme01', 'fr_324') ON CONFLICT DO NOTHING;
INSERT INTO theme_vocab (theme_id, vocab_id) VALUES ('theme01', 'fr_325') ON CONFLICT DO NOTHING;
INSERT INTO theme_vocab (theme_id, vocab_id) VALUES ('theme01', 'fr_326') ON CONFLICT DO NOTHING;
INSERT INTO theme_vocab (theme_id, vocab_id) VALUES ('theme01', 'fr_327') ON CONFLICT DO NOTHING;
INSERT INTO theme_vocab (theme_id, vocab_id) VALUES ('theme01', 'fr_328') ON CONFLICT DO NOTHING;
INSERT INTO theme_vocab (theme_id, vocab_id) VALUES ('theme01', 'fr_329') ON CONFLICT DO NOTHING;
INSERT INTO theme_vocab (theme_id, vocab_id) VALUES ('theme01', 'fr_330') ON CONFLICT DO NOTHING;
INSERT INTO theme_vocab (theme_id, vocab_id) VALUES ('theme01', 'fr_331') ON CONFLICT DO NOTHING;
INSERT INTO theme_vocab (theme_id, vocab_id) VALUES ('theme01', 'fr_332') ON CONFLICT DO NOTHING;
INSERT INTO theme_vocab (theme_id, vocab_id) VALUES ('theme01', 'fr_333') ON CONFLICT DO NOTHING;
INSERT INTO theme_vocab (theme_id, vocab_id) VALUES ('theme01', 'fr_334') ON CONFLICT DO NOTHING;
INSERT INTO theme_vocab (theme_id, vocab_id) VALUES ('theme01', 'fr_335') ON CONFLICT DO NOTHING;
INSERT INTO theme_vocab (theme_id, vocab_id) VALUES ('theme01', 'fr_336') ON CONFLICT DO NOTHING;
INSERT INTO theme_vocab (theme_id, vocab_id) VALUES ('theme01', 'fr_337') ON CONFLICT DO NOTHING;
INSERT INTO theme_vocab (theme_id, vocab_id) VALUES ('theme01', 'fr_338') ON CONFLICT DO NOTHING;
INSERT INTO theme_vocab (theme_id, vocab_id) VALUES ('theme01', 'fr_339') ON CONFLICT DO NOTHING;
INSERT INTO theme_vocab (theme_id, vocab_id) VALUES ('theme01', 'fr_340') ON CONFLICT DO NOTHING;
INSERT INTO theme_vocab (theme_id, vocab_id) VALUES ('theme01', 'fr_341') ON CONFLICT DO NOTHING;
INSERT INTO theme_vocab (theme_id, vocab_id) VALUES ('theme01', 'fr_342') ON CONFLICT DO NOTHING;
INSERT INTO theme_vocab (theme_id, vocab_id) VALUES ('theme01', 'fr_343') ON CONFLICT DO NOTHING;
INSERT INTO theme_vocab (theme_id, vocab_id) VALUES ('theme01', 'fr_344') ON CONFLICT DO NOTHING;
INSERT INTO theme_vocab (theme_id, vocab_id) VALUES ('theme01', 'fr_345') ON CONFLICT DO NOTHING;
INSERT INTO theme_vocab (theme_id, vocab_id) VALUES ('theme01', 'fr_346') ON CONFLICT DO NOTHING;
INSERT INTO theme_vocab (theme_id, vocab_id) VALUES ('theme01', 'fr_347') ON CONFLICT DO NOTHING;
INSERT INTO theme_vocab (theme_id, vocab_id) VALUES ('theme01', 'fr_348') ON CONFLICT DO NOTHING;
INSERT INTO theme_vocab (theme_id, vocab_id) VALUES ('theme01', 'fr_349') ON CONFLICT DO NOTHING;
INSERT INTO theme_vocab (theme_id, vocab_id) VALUES ('theme01', 'fr_350') ON CONFLICT DO NOTHING;
INSERT INTO theme_vocab (theme_id, vocab_id) VALUES ('theme01', 'fr_351') ON CONFLICT DO NOTHING;
INSERT INTO theme_vocab (theme_id, vocab_id) VALUES ('theme01', 'fr_352') ON CONFLICT DO NOTHING;
INSERT INTO theme_vocab (theme_id, vocab_id) VALUES ('theme01', 'fr_353') ON CONFLICT DO NOTHING;
INSERT INTO theme_vocab (theme_id, vocab_id) VALUES ('theme01', 'fr_354') ON CONFLICT DO NOTHING;
INSERT INTO theme_vocab (theme_id, vocab_id) VALUES ('theme01', 'fr_355') ON CONFLICT DO NOTHING;
INSERT INTO theme_vocab (theme_id, vocab_id) VALUES ('theme01', 'fr_356') ON CONFLICT DO NOTHING;
INSERT INTO theme_vocab (theme_id, vocab_id) VALUES ('theme01', 'fr_357') ON CONFLICT DO NOTHING;
INSERT INTO theme_vocab (theme_id, vocab_id) VALUES ('theme01', 'fr_358') ON CONFLICT DO NOTHING;
INSERT INTO theme_vocab (theme_id, vocab_id) VALUES ('theme01', 'fr_359') ON CONFLICT DO NOTHING;
INSERT INTO theme_vocab (theme_id, vocab_id) VALUES ('theme01', 'fr_360') ON CONFLICT DO NOTHING;
INSERT INTO theme_vocab (theme_id, vocab_id) VALUES ('theme01', 'fr_361') ON CONFLICT DO NOTHING;
INSERT INTO theme_vocab (theme_id, vocab_id) VALUES ('theme01', 'fr_362') ON CONFLICT DO NOTHING;
INSERT INTO theme_vocab (theme_id, vocab_id) VALUES ('theme01', 'fr_363') ON CONFLICT DO NOTHING;
INSERT INTO theme_vocab (theme_id, vocab_id) VALUES ('theme01', 'fr_364') ON CONFLICT DO NOTHING;
INSERT INTO theme_vocab (theme_id, vocab_id) VALUES ('theme01', 'fr_365') ON CONFLICT DO NOTHING;
INSERT INTO theme_vocab (theme_id, vocab_id) VALUES ('theme01', 'fr_366') ON CONFLICT DO NOTHING;
INSERT INTO theme_vocab (theme_id, vocab_id) VALUES ('theme01', 'fr_367') ON CONFLICT DO NOTHING;
INSERT INTO theme_vocab (theme_id, vocab_id) VALUES ('theme01', 'fr_368') ON CONFLICT DO NOTHING;
INSERT INTO theme_vocab (theme_id, vocab_id) VALUES ('theme01', 'fr_369') ON CONFLICT DO NOTHING;
INSERT INTO theme_vocab (theme_id, vocab_id) VALUES ('theme01', 'fr_370') ON CONFLICT DO NOTHING;
INSERT INTO theme_vocab (theme_id, vocab_id) VALUES ('theme01', 'fr_371') ON CONFLICT DO NOTHING;
INSERT INTO theme_vocab (theme_id, vocab_id) VALUES ('theme01', 'fr_372') ON CONFLICT DO NOTHING;
INSERT INTO theme_vocab (theme_id, vocab_id) VALUES ('theme01', 'fr_373') ON CONFLICT DO NOTHING;
INSERT INTO theme_vocab (theme_id, vocab_id) VALUES ('theme01', 'fr_374') ON CONFLICT DO NOTHING;
INSERT INTO theme_vocab (theme_id, vocab_id) VALUES ('theme01', 'fr_375') ON CONFLICT DO NOTHING;
INSERT INTO theme_vocab (theme_id, vocab_id) VALUES ('theme01', 'fr_376') ON CONFLICT DO NOTHING;
INSERT INTO theme_vocab (theme_id, vocab_id) VALUES ('theme01', 'fr_377') ON CONFLICT DO NOTHING;
INSERT INTO theme_vocab (theme_id, vocab_id) VALUES ('theme01', 'fr_378') ON CONFLICT DO NOTHING;
INSERT INTO theme_vocab (theme_id, vocab_id) VALUES ('theme01', 'fr_379') ON CONFLICT DO NOTHING;
INSERT INTO theme_vocab (theme_id, vocab_id) VALUES ('theme01', 'fr_380') ON CONFLICT DO NOTHING;
INSERT INTO theme_vocab (theme_id, vocab_id) VALUES ('theme01', 'fr_381') ON CONFLICT DO NOTHING;
INSERT INTO theme_vocab (theme_id, vocab_id) VALUES ('theme01', 'fr_382') ON CONFLICT DO NOTHING;
INSERT INTO theme_vocab (theme_id, vocab_id) VALUES ('theme01', 'fr_383') ON CONFLICT DO NOTHING;
INSERT INTO theme_vocab (theme_id, vocab_id) VALUES ('theme01', 'fr_384') ON CONFLICT DO NOTHING;
INSERT INTO theme_vocab (theme_id, vocab_id) VALUES ('theme01', 'fr_385') ON CONFLICT DO NOTHING;
INSERT INTO theme_vocab (theme_id, vocab_id) VALUES ('theme01', 'fr_386') ON CONFLICT DO NOTHING;
INSERT INTO theme_vocab (theme_id, vocab_id) VALUES ('theme01', 'fr_387') ON CONFLICT DO NOTHING;
INSERT INTO theme_vocab (theme_id, vocab_id) VALUES ('theme01', 'fr_388') ON CONFLICT DO NOTHING;
INSERT INTO theme_vocab (theme_id, vocab_id) VALUES ('theme01', 'fr_389') ON CONFLICT DO NOTHING;
INSERT INTO theme_vocab (theme_id, vocab_id) VALUES ('theme01', 'fr_390') ON CONFLICT DO NOTHING;
INSERT INTO theme_vocab (theme_id, vocab_id) VALUES ('theme01', 'fr_391') ON CONFLICT DO NOTHING;
INSERT INTO theme_vocab (theme_id, vocab_id) VALUES ('theme01', 'fr_392') ON CONFLICT DO NOTHING;


-- ══ Theme verb entries (for conjugation practice) ══

-- e→è pattern
INSERT INTO theme_verb (theme_id, infinitive, ru, participe_passe, auxiliaire, verb_group) VALUES ('theme01', 'achever', 'завершать', NULL, NULL, 'e→è: основа');
INSERT INTO theme_verb (theme_id, infinitive, ru, participe_passe, auxiliaire, verb_group) VALUES ('theme01', 'amener', 'приводить', NULL, NULL, 'e→è: основа');
INSERT INTO theme_verb (theme_id, infinitive, ru, participe_passe, auxiliaire, verb_group) VALUES ('theme01', 'emmener', 'уводить, увозить', NULL, NULL, 'e→è: основа');
INSERT INTO theme_verb (theme_id, infinitive, ru, participe_passe, auxiliaire, verb_group) VALUES ('theme01', 'enlever', 'снимать, убирать', NULL, NULL, 'e→è: основа');
INSERT INTO theme_verb (theme_id, infinitive, ru, participe_passe, auxiliaire, verb_group) VALUES ('theme01', 'lever', 'поднимать', NULL, NULL, 'e→è: основа');
INSERT INTO theme_verb (theme_id, infinitive, ru, participe_passe, auxiliaire, verb_group) VALUES ('theme01', 'relever', 'поднимать, отмечать', NULL, NULL, 'e→è: основа');
INSERT INTO theme_verb (theme_id, infinitive, ru, participe_passe, auxiliaire, verb_group) VALUES ('theme01', 'élever', 'воспитывать, поднимать', NULL, NULL, 'e→è: основа');
INSERT INTO theme_verb (theme_id, infinitive, ru, participe_passe, auxiliaire, verb_group) VALUES ('theme01', 'mener', 'вести', NULL, NULL, 'e→è: основа');
INSERT INTO theme_verb (theme_id, infinitive, ru, participe_passe, auxiliaire, verb_group) VALUES ('theme01', 'promener', 'гулять, выгуливать', NULL, NULL, 'e→è: основа');
INSERT INTO theme_verb (theme_id, infinitive, ru, participe_passe, auxiliaire, verb_group) VALUES ('theme01', 'peser', 'взвешивать', NULL, NULL, 'e→è: основа');
INSERT INTO theme_verb (theme_id, infinitive, ru, participe_passe, auxiliaire, verb_group) VALUES ('theme01', 'geler', 'замерзать', NULL, NULL, 'e→è: основа');

-- é→è pattern
INSERT INTO theme_verb (theme_id, infinitive, ru, participe_passe, auxiliaire, verb_group) VALUES ('theme01', 'céder', 'уступать', NULL, NULL, 'é→è: основа');
INSERT INTO theme_verb (theme_id, infinitive, ru, participe_passe, auxiliaire, verb_group) VALUES ('theme01', 'compléter', 'дополнять', NULL, NULL, 'é→è: основа');
INSERT INTO theme_verb (theme_id, infinitive, ru, participe_passe, auxiliaire, verb_group) VALUES ('theme01', 'considérer', 'рассматривать', NULL, NULL, 'é→è: основа');
INSERT INTO theme_verb (theme_id, infinitive, ru, participe_passe, auxiliaire, verb_group) VALUES ('theme01', 'espérer', 'надеяться', NULL, NULL, 'é→è: основа');
INSERT INTO theme_verb (theme_id, infinitive, ru, participe_passe, auxiliaire, verb_group) VALUES ('theme01', 'exagérer', 'преувеличивать', NULL, NULL, 'é→è: основа');
INSERT INTO theme_verb (theme_id, infinitive, ru, participe_passe, auxiliaire, verb_group) VALUES ('theme01', 'gérer', 'управлять', NULL, NULL, 'é→è: основа');
INSERT INTO theme_verb (theme_id, infinitive, ru, participe_passe, auxiliaire, verb_group) VALUES ('theme01', 'inquiéter', 'беспокоить', NULL, NULL, 'é→è: основа');
INSERT INTO theme_verb (theme_id, infinitive, ru, participe_passe, auxiliaire, verb_group) VALUES ('theme01', 'pénétrer', 'проникать', NULL, NULL, 'é→è: основа');
INSERT INTO theme_verb (theme_id, infinitive, ru, participe_passe, auxiliaire, verb_group) VALUES ('theme01', 'posséder', 'владеть', NULL, NULL, 'é→è: основа');
INSERT INTO theme_verb (theme_id, infinitive, ru, participe_passe, auxiliaire, verb_group) VALUES ('theme01', 'préférer', 'предпочитать', NULL, NULL, 'é→è: основа');
INSERT INTO theme_verb (theme_id, infinitive, ru, participe_passe, auxiliaire, verb_group) VALUES ('theme01', 'répéter', 'повторять', NULL, NULL, 'é→è: основа');
INSERT INTO theme_verb (theme_id, infinitive, ru, participe_passe, auxiliaire, verb_group) VALUES ('theme01', 'suggérer', 'предлагать', NULL, NULL, 'é→è: основа');

-- Double consonant pattern
INSERT INTO theme_verb (theme_id, infinitive, ru, participe_passe, auxiliaire, verb_group) VALUES ('theme01', 'jeter', 'бросать', NULL, NULL, 'Удвоение: -tt-/-ll-');
INSERT INTO theme_verb (theme_id, infinitive, ru, participe_passe, auxiliaire, verb_group) VALUES ('theme01', 'rejeter', 'отвергать', NULL, NULL, 'Удвоение: -tt-/-ll-');
INSERT INTO theme_verb (theme_id, infinitive, ru, participe_passe, auxiliaire, verb_group) VALUES ('theme01', 'appeler', 'звать, звонить', NULL, NULL, 'Удвоение: -tt-/-ll-');
INSERT INTO theme_verb (theme_id, infinitive, ru, participe_passe, auxiliaire, verb_group) VALUES ('theme01', 'rappeler', 'перезванивать, напоминать', NULL, NULL, 'Удвоение: -tt-/-ll-');
INSERT INTO theme_verb (theme_id, infinitive, ru, participe_passe, auxiliaire, verb_group) VALUES ('theme01', 'épeler', 'произносить по буквам', NULL, NULL, 'Удвоение: -tt-/-ll-');
INSERT INTO theme_verb (theme_id, infinitive, ru, participe_passe, auxiliaire, verb_group) VALUES ('theme01', 'renouveler', 'обновлять', NULL, NULL, 'Удвоение: -tt-/-ll-');

-- -yer pattern
INSERT INTO theme_verb (theme_id, infinitive, ru, participe_passe, auxiliaire, verb_group) VALUES ('theme01', 'balayer', 'подметать', NULL, NULL, '-yer → -ie');
INSERT INTO theme_verb (theme_id, infinitive, ru, participe_passe, auxiliaire, verb_group) VALUES ('theme01', 'effrayer', 'пугать', NULL, NULL, '-yer → -ie');
INSERT INTO theme_verb (theme_id, infinitive, ru, participe_passe, auxiliaire, verb_group) VALUES ('theme01', 'égayer', 'веселить', NULL, NULL, '-yer → -ie');
INSERT INTO theme_verb (theme_id, infinitive, ru, participe_passe, auxiliaire, verb_group) VALUES ('theme01', 'employer', 'использовать, нанимать', NULL, NULL, '-yer → -ie');
INSERT INTO theme_verb (theme_id, infinitive, ru, participe_passe, auxiliaire, verb_group) VALUES ('theme01', 'ennuyer', 'скучать, надоедать', NULL, NULL, '-yer → -ie');
INSERT INTO theme_verb (theme_id, infinitive, ru, participe_passe, auxiliaire, verb_group) VALUES ('theme01', 'envoyer', 'отправлять', NULL, NULL, '-yer → -ie');
INSERT INTO theme_verb (theme_id, infinitive, ru, participe_passe, auxiliaire, verb_group) VALUES ('theme01', 'essuyer', 'вытирать', NULL, NULL, '-yer → -ie');
INSERT INTO theme_verb (theme_id, infinitive, ru, participe_passe, auxiliaire, verb_group) VALUES ('theme01', 'nettoyer', 'чистить', NULL, NULL, '-yer → -ie');
INSERT INTO theme_verb (theme_id, infinitive, ru, participe_passe, auxiliaire, verb_group) VALUES ('theme01', 'payer', 'платить', NULL, NULL, '-yer → -ie');
INSERT INTO theme_verb (theme_id, infinitive, ru, participe_passe, auxiliaire, verb_group) VALUES ('theme01', 'renvoyer', 'отсылать, увольнять', NULL, NULL, '-yer → -ie');
INSERT INTO theme_verb (theme_id, infinitive, ru, participe_passe, auxiliaire, verb_group) VALUES ('theme01', 'tutoyer', 'обращаться на «ты»', NULL, NULL, '-yer → -ie');
INSERT INTO theme_verb (theme_id, infinitive, ru, participe_passe, auxiliaire, verb_group) VALUES ('theme01', 'vouvoyer', 'обращаться на «вы»', NULL, NULL, '-yer → -ie');

-- -cer verbs
INSERT INTO theme_verb (theme_id, infinitive, ru, participe_passe, auxiliaire, verb_group) VALUES ('theme01', 'agacer', 'раздражать', NULL, NULL, '-cer → -çons');
INSERT INTO theme_verb (theme_id, infinitive, ru, participe_passe, auxiliaire, verb_group) VALUES ('theme01', 'annoncer', 'объявлять', NULL, NULL, '-cer → -çons');
INSERT INTO theme_verb (theme_id, infinitive, ru, participe_passe, auxiliaire, verb_group) VALUES ('theme01', 'avancer', 'продвигаться', NULL, NULL, '-cer → -çons');
INSERT INTO theme_verb (theme_id, infinitive, ru, participe_passe, auxiliaire, verb_group) VALUES ('theme01', 'balancer', 'раскачивать', NULL, NULL, '-cer → -çons');
INSERT INTO theme_verb (theme_id, infinitive, ru, participe_passe, auxiliaire, verb_group) VALUES ('theme01', 'dénoncer', 'доносить, осуждать', NULL, NULL, '-cer → -çons');
INSERT INTO theme_verb (theme_id, infinitive, ru, participe_passe, auxiliaire, verb_group) VALUES ('theme01', 'divorcer', 'разводиться', NULL, NULL, '-cer → -çons');
INSERT INTO theme_verb (theme_id, infinitive, ru, participe_passe, auxiliaire, verb_group) VALUES ('theme01', 'effacer', 'стирать', NULL, NULL, '-cer → -çons');
INSERT INTO theme_verb (theme_id, infinitive, ru, participe_passe, auxiliaire, verb_group) VALUES ('theme01', 'forcer', 'заставлять', NULL, NULL, '-cer → -çons');
INSERT INTO theme_verb (theme_id, infinitive, ru, participe_passe, auxiliaire, verb_group) VALUES ('theme01', 'lancer', 'бросать, запускать', NULL, NULL, '-cer → -çons');
INSERT INTO theme_verb (theme_id, infinitive, ru, participe_passe, auxiliaire, verb_group) VALUES ('theme01', 'menacer', 'угрожать', NULL, NULL, '-cer → -çons');
INSERT INTO theme_verb (theme_id, infinitive, ru, participe_passe, auxiliaire, verb_group) VALUES ('theme01', 'placer', 'размещать', NULL, NULL, '-cer → -çons');
INSERT INTO theme_verb (theme_id, infinitive, ru, participe_passe, auxiliaire, verb_group) VALUES ('theme01', 'prononcer', 'произносить', NULL, NULL, '-cer → -çons');
INSERT INTO theme_verb (theme_id, infinitive, ru, participe_passe, auxiliaire, verb_group) VALUES ('theme01', 'remplacer', 'заменять', NULL, NULL, '-cer → -çons');
INSERT INTO theme_verb (theme_id, infinitive, ru, participe_passe, auxiliaire, verb_group) VALUES ('theme01', 'renoncer', 'отказываться', NULL, NULL, '-cer → -çons');
INSERT INTO theme_verb (theme_id, infinitive, ru, participe_passe, auxiliaire, verb_group) VALUES ('theme01', 'sucer', 'сосать', NULL, NULL, '-cer → -çons');
INSERT INTO theme_verb (theme_id, infinitive, ru, participe_passe, auxiliaire, verb_group) VALUES ('theme01', 'tracer', 'чертить', NULL, NULL, '-cer → -çons');

-- -ger verbs
INSERT INTO theme_verb (theme_id, infinitive, ru, participe_passe, auxiliaire, verb_group) VALUES ('theme01', 'aménager', 'обустраивать', NULL, NULL, '-ger → -geons');
INSERT INTO theme_verb (theme_id, infinitive, ru, participe_passe, auxiliaire, verb_group) VALUES ('theme01', 'arranger', 'устраивать', NULL, NULL, '-ger → -geons');
INSERT INTO theme_verb (theme_id, infinitive, ru, participe_passe, auxiliaire, verb_group) VALUES ('theme01', 'bouger', 'двигаться', NULL, NULL, '-ger → -geons');
INSERT INTO theme_verb (theme_id, infinitive, ru, participe_passe, auxiliaire, verb_group) VALUES ('theme01', 'changer', 'менять', NULL, NULL, '-ger → -geons');
INSERT INTO theme_verb (theme_id, infinitive, ru, participe_passe, auxiliaire, verb_group) VALUES ('theme01', 'charger', 'заряжать, загружать', NULL, NULL, '-ger → -geons');
INSERT INTO theme_verb (theme_id, infinitive, ru, participe_passe, auxiliaire, verb_group) VALUES ('theme01', 'corriger', 'исправлять', NULL, NULL, '-ger → -geons');
INSERT INTO theme_verb (theme_id, infinitive, ru, participe_passe, auxiliaire, verb_group) VALUES ('theme01', 'décourager', 'обескураживать', NULL, NULL, '-ger → -geons');
INSERT INTO theme_verb (theme_id, infinitive, ru, participe_passe, auxiliaire, verb_group) VALUES ('theme01', 'dégager', 'освобождать', NULL, NULL, '-ger → -geons');
INSERT INTO theme_verb (theme_id, infinitive, ru, participe_passe, auxiliaire, verb_group) VALUES ('theme01', 'déménager', 'переезжать', NULL, NULL, '-ger → -geons');
INSERT INTO theme_verb (theme_id, infinitive, ru, participe_passe, auxiliaire, verb_group) VALUES ('theme01', 'déranger', 'беспокоить', NULL, NULL, '-ger → -geons');
INSERT INTO theme_verb (theme_id, infinitive, ru, participe_passe, auxiliaire, verb_group) VALUES ('theme01', 'diriger', 'руководить', NULL, NULL, '-ger → -geons');
INSERT INTO theme_verb (theme_id, infinitive, ru, participe_passe, auxiliaire, verb_group) VALUES ('theme01', 'encourager', 'поощрять', NULL, NULL, '-ger → -geons');
INSERT INTO theme_verb (theme_id, infinitive, ru, participe_passe, auxiliaire, verb_group) VALUES ('theme01', 'engager', 'нанимать, начинать', NULL, NULL, '-ger → -geons');
INSERT INTO theme_verb (theme_id, infinitive, ru, participe_passe, auxiliaire, verb_group) VALUES ('theme01', 'exiger', 'требовать', NULL, NULL, '-ger → -geons');
INSERT INTO theme_verb (theme_id, infinitive, ru, participe_passe, auxiliaire, verb_group) VALUES ('theme01', 'interroger', 'допрашивать', NULL, NULL, '-ger → -geons');
INSERT INTO theme_verb (theme_id, infinitive, ru, participe_passe, auxiliaire, verb_group) VALUES ('theme01', 'juger', 'судить', NULL, NULL, '-ger → -geons');
INSERT INTO theme_verb (theme_id, infinitive, ru, participe_passe, auxiliaire, verb_group) VALUES ('theme01', 'loger', 'размещать, проживать', NULL, NULL, '-ger → -geons');
INSERT INTO theme_verb (theme_id, infinitive, ru, participe_passe, auxiliaire, verb_group) VALUES ('theme01', 'mélanger', 'смешивать', NULL, NULL, '-ger → -geons');
INSERT INTO theme_verb (theme_id, infinitive, ru, participe_passe, auxiliaire, verb_group) VALUES ('theme01', 'obliger', 'обязывать', NULL, NULL, '-ger → -geons');
INSERT INTO theme_verb (theme_id, infinitive, ru, participe_passe, auxiliaire, verb_group) VALUES ('theme01', 'partager', 'делиться', NULL, NULL, '-ger → -geons');
INSERT INTO theme_verb (theme_id, infinitive, ru, participe_passe, auxiliaire, verb_group) VALUES ('theme01', 'plonger', 'нырять', NULL, NULL, '-ger → -geons');
INSERT INTO theme_verb (theme_id, infinitive, ru, participe_passe, auxiliaire, verb_group) VALUES ('theme01', 'ranger', 'убирать, наводить порядок', NULL, NULL, '-ger → -geons');
INSERT INTO theme_verb (theme_id, infinitive, ru, participe_passe, auxiliaire, verb_group) VALUES ('theme01', 'rédiger', 'составлять, редактировать', NULL, NULL, '-ger → -geons');
INSERT INTO theme_verb (theme_id, infinitive, ru, participe_passe, auxiliaire, verb_group) VALUES ('theme01', 'songer', 'мечтать, размышлять', NULL, NULL, '-ger → -geons');
INSERT INTO theme_verb (theme_id, infinitive, ru, participe_passe, auxiliaire, verb_group) VALUES ('theme01', 'venger', 'мстить', NULL, NULL, '-ger → -geons');

-- Other
INSERT INTO theme_verb (theme_id, infinitive, ru, participe_passe, auxiliaire, verb_group) VALUES ('theme01', 'créer', 'создавать', NULL, NULL, 'Прочие');
INSERT INTO theme_verb (theme_id, infinitive, ru, participe_passe, auxiliaire, verb_group) VALUES ('theme01', 'neiger', 'идти (о снеге)', NULL, NULL, 'Прочие');
